,annotator,cell,h,image,label,pk,w,x,y
0,tommy,588,40,681200836HV_002.jpg,Normal,127,42,2794,2216
1,tommy,588,40,681200836HV_002.jpg,Normal,128,42,2794,2216
7,tommy,1402,41,681200836HV_002.jpg,Normal,134,37,111,1333
8,tommy,1314,40,681200836HV_002.jpg,Normal,135,37,1605,1425
9,tommy,524,30,681200836HV_002.jpg,Abnormal,136,38,1789,2278
10,tommy,367,36,681200836HV_002.jpg,Abnormal,137,42,547,2452
13,tommy,1302,42,681200836HV_002.jpg,Normal,140,40,1325,1442
14,tommy,782,36,681200836HV_002.jpg,Normal,141,38,1561,2005
17,tommy,2227,37,681200836HV_002.jpg,Normal,144,38,438,483
20,tommy,605,41,681200836HV_002.jpg,Normal,147,39,1932,2200
21,tommy,31,40,681200836HV_002.jpg,Normal,148,39,875,2816
23,tommy,1241,41,681200836HV_002.jpg,Normal,150,40,2264,1509
24,tommy,2612,37,681200836HV_002.jpg,Normal,151,39,498,86
25,tommy,2375,40,681200836HV_002.jpg,Normal,152,35,2143,317
26,tommy,1302,42,681200836HV_002.jpg,Normal,153,40,1325,1442
33,tommy,605,41,681200836HV_002.jpg,Normal,160,39,1932,2200
37,tommy,345,38,681200836HV_002.jpg,Normal,164,37,2260,2477
42,tommy,1262,44,681200836HV_002.jpg,Reject,169,59,922,1483
48,tommy,270,33,681200836HV_002.jpg,Abnormal,175,43,294,2550
49,tommy,886,37,681200836HV_002.jpg,Normal,176,37,1185,1902
56,tommy,270,33,681200836HV_002.jpg,Abnormal,183,43,294,2550
57,tommy,2289,35,681200836HV_002.jpg,Abnormal,184,31,1338,409
62,tommy,1411,34,681200836HV_002.jpg,Normal,189,40,481,1326
64,tommy,1556,35,681200836HV_002.jpg,Normal,191,43,649,1148
66,tommy,707,43,681200836HV_002.jpg,Abnormal,193,43,1036,2094
68,tommy,367,36,681200836HV_002.jpg,Abnormal,195,42,547,2452
69,tommy,2359,38,681200836HV_002.jpg,Normal,196,35,1765,339
74,tommy,1534,47,681200836HV_002.jpg,Abnormal,201,57,2711,1176
75,tommy,593,38,681200836HV_002.jpg,Abnormal,202,42,2202,2212
80,tommy,658,42,681200836HV_002.jpg,Normal,207,35,2166,2143
82,tommy,1304,39,681200836HV_002.jpg,Normal,209,39,707,1439
84,tommy,2253,42,681200836HV_002.jpg,Normal,211,37,327,450
85,tommy,336,33,681200836HV_002.jpg,Normal,212,36,451,2487
86,tommy,2636,36,681200836HV_002.jpg,Normal,213,40,1215,61
87,tommy,1217,37,681200836HV_002.jpg,Normal,214,40,1749,1533
88,tommy,658,42,681200836HV_002.jpg,Normal,215,35,2166,2143
89,tommy,31,40,681200836HV_002.jpg,Normal,216,39,875,2816
91,tommy,825,35,681200836HV_002.jpg,Abnormal,218,40,1288,1965
97,tommy,949,39,681200836HV_002.jpg,Normal,224,46,1422,1832
99,tommy,870,44,681200836HV_002.jpg,Abnormal,226,44,1424,1917
102,tommy,417,39,681200836HV_002.jpg,Normal,229,40,1209,2396
107,tommy,1074,48,681200836HV_002.jpg,Normal,234,32,2794,1692
109,tommy,112,25,681200836HV_002.jpg,Reject,236,26,972,2722
111,tommy,1093,37,681200836HV_002.jpg,Normal,238,40,1640,1672
112,tommy,446,38,681200836HV_002.jpg,Abnormal,239,41,1827,2360
113,tommy,907,35,681200836HV_002.jpg,Normal,240,40,1316,1881
114,tommy,1285,41,681200836HV_002.jpg,Normal,241,38,2263,1463
115,tommy,823,36,681200836HV_002.jpg,Normal,242,39,2201,1965
116,tommy,1787,41,681200836HV_002.jpg,Normal,243,36,555,911
117,tommy,69,40,681200836HV_002.jpg,Normal,244,38,780,2777
122,tommy,827,41,681200836HV_002.jpg,Normal,249,39,1416,1963
127,tommy,2688,42,681200836HV_002.jpg,Normal,254,36,799,16
129,tommy,147,52,681200836HV_002.jpg,Abnormal,256,55,42,2668
131,tommy,1869,40,681200836HV_002.jpg,Normal,258,34,480,834
132,tommy,2489,34,681200836HV_002.jpg,Abnormal,259,45,1260,206
133,tommy,1378,40,681200836HV_002.jpg,Abnormal,260,36,976,1359
137,tommy,261,39,681200836HV_002.jpg,Abnormal,264,37,72,2560
138,tommy,367,36,681200836HV_002.jpg,Abnormal,265,42,547,2452
139,tommy,736,45,681200836HV_002.jpg,Normal,266,38,2221,2061
141,tommy,2346,36,681200836HV_002.jpg,Normal,268,42,1959,352
142,tommy,1217,37,681200836HV_002.jpg,Normal,269,40,1749,1533
145,tommy,2173,36,681200836HV_002.jpg,Normal,272,40,397,534
146,tommy,1868,38,681200836HV_002.jpg,Normal,273,40,2465,834
147,tommy,545,41,681200836HV_002.jpg,Abnormal,274,42,2590,2255
149,tommy,1606,40,681200836HV_002.jpg,Normal,276,36,1280,1095
150,tommy,514,40,681200836HV_002.jpg,Normal,277,37,600,2285
151,tommy,2557,36,681200836HV_002.jpg,Normal,278,38,2816,139
152,tommy,1217,37,681200836HV_002.jpg,Normal,279,40,1749,1533
154,tommy,977,43,681200836HV_002.jpg,Normal,281,46,1347,1804
156,tommy,1905,41,681200836HV_002.jpg,Normal,283,42,645,796
157,tommy,229,41,681200836HV_002.jpg,Reject,284,42,2205,2591
159,tommy,367,36,681200836HV_002.jpg,Abnormal,286,42,547,2452
160,tommy,195,38,681200836HV_002.jpg,Normal,287,40,695,2622
161,tommy,1931,39,681200836HV_002.jpg,Normal,288,40,2625,767
169,tommy,1314,40,681200836HV_002.jpg,Normal,296,37,1605,1425
172,tommy,1878,35,681200836HV_002.jpg,Normal,299,35,2195,824
175,tommy,634,44,681200836HV_002.jpg,Normal,302,35,1161,2174
176,tommy,1983,42,681200836HV_002.jpg,Abnormal,303,33,2688,715
182,tommy,385,42,681200836HV_002.jpg,Normal,309,38,733,2435
185,tommy,2227,37,681200836HV_002.jpg,Normal,312,38,438,483
188,tommy,887,42,681200836HV_002.jpg,Reject,315,42,777,1902
193,tommy,1557,37,681200836HV_002.jpg,Normal,320,40,2252,1147
198,tommy,277,42,681200836HV_002.jpg,Abnormal,325,33,2441,2540
199,tommy,715,40,681200836HV_002.jpg,Normal,326,42,1342,2082
201,tommy,1363,43,681200836HV_002.jpg,Normal,328,45,1638,1371
206,tommy,1606,40,681200836HV_002.jpg,Normal,333,36,1280,1095
207,tommy,305,40,681200836HV_002.jpg,Normal,334,43,1965,2516
208,tommy,2444,39,681200836HV_002.jpg,Normal,335,41,942,254
210,tommy,1466,38,681200836HV_002.jpg,Normal,337,39,1027,1255
215,tommy,463,35,681200836HV_002.jpg,Normal,342,42,2363,2339
216,tommy,2679,36,681200836HV_002.jpg,Normal,343,34,2027,23
219,tommy,1843,35,681200836HV_002.jpg,Abnormal,346,37,82,852
220,tommy,2613,35,681200836HV_002.jpg,Normal,347,36,1486,85
221,tommy,1115,41,681200836HV_002.jpg,Normal,348,41,311,1642
223,tommy,112,25,681200836HV_002.jpg,Reject,350,26,972,2722
224,tommy,636,40,681200836HV_002.jpg,Normal,351,38,1503,2172
225,tommy,2636,36,681200836HV_002.jpg,Normal,352,40,1215,61
229,tommy,1501,41,681200836HV_002.jpg,Normal,356,36,2168,1214
231,tommy,1277,46,681200836HV_002.jpg,Normal,358,37,850,1469
232,tommy,2557,36,681200836HV_002.jpg,Normal,359,38,2816,139
239,tommy,606,39,681200836HV_002.jpg,Abnormal,366,37,1734,2200
247,tommy,2590,37,681200836HV_002.jpg,Normal,374,34,1246,105
250,tommy,1624,46,681200836HV_002.jpg,Abnormal,377,62,631,1077
256,tommy,1300,36,681200836HV_002.jpg,Normal,383,38,46,1446
257,tommy,2399,40,681200836HV_002.jpg,Normal,384,33,2288,297
263,tommy,31,40,681200836HV_002.jpg,Normal,390,39,875,2816
265,tommy,1159,33,681200836HV_002.jpg,Normal,392,35,210,1591
268,tommy,2489,34,681200836HV_002.jpg,Abnormal,395,45,1260,206
269,tommy,1882,37,681200836HV_002.jpg,Normal,396,38,2794,818
272,tommy,2280,40,681200836HV_002.jpg,Abnormal,399,43,1900,423
273,tommy,1278,45,681200836HV_002.jpg,Normal,400,40,2096,1468
275,tommy,1382,38,681200836HV_002.jpg,Normal,402,45,1288,1353
276,tommy,1759,42,681200836HV_002.jpg,Normal,403,40,700,943
277,tommy,1770,39,681200836HV_002.jpg,Abnormal,404,40,74,932
287,tommy,2456,42,681200836HV_002.jpg,Normal,414,37,2081,243
292,tommy,2430,37,681200836HV_002.jpg,Normal,419,40,2689,265
293,tommy,805,39,681200836HV_002.jpg,Normal,420,39,2659,1982
294,tommy,805,39,681200836HV_002.jpg,Normal,421,39,2659,1982
295,tommy,805,39,681200836HV_002.jpg,Normal,422,39,2659,1982
296,tommy,805,39,681200836HV_002.jpg,Normal,423,39,2659,1982
299,tommy,477,37,681200836HV_002.jpg,Normal,426,41,230,2326
304,tommy,567,40,681200836HV_002.jpg,Normal,431,33,1826,2238
305,tommy,1728,39,681200836HV_002.jpg,Normal,432,42,1629,967
308,tommy,121,36,681200836HV_002.jpg,Reject,435,36,1250,2702
309,tommy,409,39,681200836HV_002.jpg,Reject,436,38,1883,2404
310,tommy,1747,39,681200836HV_002.jpg,Abnormal,437,44,812,951
314,tommy,2414,41,681200836HV_002.jpg,Normal,441,38,57,285
315,tommy,2158,45,681200836HV_002.jpg,Abnormal,442,46,1462,550
316,tommy,568,42,681200836HV_002.jpg,Normal,443,36,883,2237
319,tommy,2176,33,681200836HV_002.jpg,Abnormal,446,44,2721,531
321,tommy,1530,37,681200836HV_002.jpg,Reject,448,40,357,1180
322,tommy,238,39,681200836HV_002.jpg,Normal,449,38,1083,2583
323,tommy,1522,38,681200836HV_002.jpg,Abnormal,450,39,2022,1187
325,tommy,195,38,681200836HV_002.jpg,Normal,452,40,695,2622
326,tommy,512,41,681200836HV_002.jpg,Abnormal,453,37,2188,2286
329,tommy,1948,42,681200836HV_002.jpg,Normal,456,38,290,754
335,tommy,2638,37,681200836HV_002.jpg,Normal,462,38,2438,60
338,tommy,2132,40,681200836HV_002.jpg,Normal,465,37,849,573
339,tommy,1029,41,681200836HV_002.jpg,Normal,466,40,1087,1750
341,tommy,1158,41,681200836HV_002.jpg,Abnormal,468,40,1845,1591
345,tommy,1838,41,681200836HV_002.jpg,Normal,472,35,2040,857
349,tommy,382,44,681200836HV_002.jpg,Reject,476,40,974,2437
351,tommy,1767,46,681200836HV_002.jpg,Abnormal,478,43,1109,936
355,tommy,465,39,681200836HV_002.jpg,Normal,482,38,1154,2339
356,tommy,764,42,681200836HV_002.jpg,Abnormal,483,55,938,2021
361,tommy,69,40,681200836HV_002.jpg,Normal,488,38,780,2777
363,tommy,1037,42,681200836HV_002.jpg,Normal,490,41,1855,1737
365,tommy,1557,37,681200836HV_002.jpg,Normal,492,40,2252,1147
371,tommy,787,59,681200836HV_002.jpg,Abnormal,498,42,436,2003
376,tommy,2281,39,681200836HV_002.jpg,Abnormal,503,36,666,423
377,tommy,2489,34,681200836HV_002.jpg,Abnormal,504,45,1260,206
378,tommy,760,39,681200836HV_002.jpg,Normal,505,42,2245,2029
379,tommy,1859,38,681200836HV_002.jpg,Normal,506,36,1870,839
382,tommy,1245,41,681200836HV_002.jpg,Normal,509,42,756,1505
383,tommy,479,40,681200836HV_002.jpg,Normal,510,43,826,2325
389,tommy,1643,40,681200836HV_002.jpg,Normal,516,41,2400,1057
390,tommy,746,38,681200836HV_002.jpg,Abnormal,517,42,66,2048
391,tommy,1378,40,681200836HV_002.jpg,Abnormal,518,36,976,1359
393,tommy,31,40,681200836HV_002.jpg,Normal,520,39,875,2816
398,tommy,805,39,681200836HV_002.jpg,Normal,525,39,2659,1982
399,tommy,209,36,681200836HV_002.jpg,Normal,526,39,1172,2615
403,tommy,834,40,681200836HV_002.jpg,Normal,530,42,787,1958
404,tommy,336,33,681200836HV_002.jpg,Normal,531,36,451,2487
410,tommy,1501,41,681200836HV_002.jpg,Normal,537,36,2168,1214
412,tommy,1570,36,681200836HV_002.jpg,Normal,539,40,1873,1132
413,tommy,2308,35,681200836HV_002.jpg,Normal,540,34,786,392
414,tommy,628,38,681200836HV_002.jpg,Normal,541,37,2417,2180
417,tommy,907,35,681200836HV_002.jpg,Normal,544,40,1316,1881
418,tommy,2521,45,681200836HV_002.jpg,Normal,545,36,171,174
420,tommy,2534,41,681200836HV_002.jpg,Normal,547,41,107,156
422,tommy,2072,44,681200836HV_002.jpg,Normal,549,44,1617,633
423,tommy,1927,42,681200836HV_002.jpg,Abnormal,550,37,855,770
427,tommy,553,45,681200836HV_002.jpg,Normal,554,42,2374,2250
431,tommy,1740,38,681200836HV_002.jpg,Normal,558,36,1572,954
432,tommy,2340,40,681200836HV_002.jpg,Normal,559,40,2492,356
436,tommy,575,38,681200836HV_002.jpg,Normal,563,39,1556,2231
442,tommy,2554,36,681200836HV_002.jpg,Normal,569,42,551,140
443,tommy,2678,39,681200836HV_002.jpg,Normal,570,42,935,24
444,tommy,997,36,681200836HV_002.jpg,Normal,571,35,767,1782
447,tommy,795,41,681200836HV_002.jpg,Abnormal,574,41,811,1995
456,tommy,1764,40,681200836HV_002.jpg,Normal,583,38,858,939
460,tommy,2606,44,681200836HV_002.jpg,Reject,587,36,2666,93
466,tommy,1828,35,681200836HV_002.jpg,Abnormal,593,40,1008,865
468,tommy,186,36,681200836HV_002.jpg,Abnormal,595,39,646,2631
473,tommy,1882,37,681200836HV_002.jpg,Normal,600,38,2794,818
475,tommy,352,44,681200836HV_002.jpg,Abnormal,602,40,2391,2471
478,tommy,2458,39,681200836HV_002.jpg,Normal,605,39,840,243
483,tommy,1534,47,681200836HV_002.jpg,Abnormal,610,57,2711,1176
484,tommy,946,39,681200836HV_002.jpg,Abnormal,611,45,1045,1837
486,tommy,2296,41,681200836HV_002.jpg,Normal,613,35,345,406
488,tommy,2672,41,681200836HV_002.jpg,Normal,615,37,1780,31
491,tommy,1436,38,681200836HV_002.jpg,Normal,618,37,714,1292
494,tommy,277,42,681200836HV_002.jpg,Reject,621,33,2441,2540
497,tommy,2340,40,681200836HV_002.jpg,Normal,624,40,2492,356
499,tommy,1989,41,681200836HV_002.jpg,Normal,626,41,2279,709
504,tommy,1330,36,681200836HV_002.jpg,Reject,631,38,1251,1409
505,tommy,957,46,681200836HV_002.jpg,Reject,632,37,1214,1827
506,tommy,2192,37,681200836HV_002.jpg,Normal,633,40,2614,517
509,tommy,2037,41,681200836HV_002.jpg,Normal,636,43,964,663
511,tommy,2669,44,681200836HV_002.jpg,Abnormal,638,39,1004,34
513,tommy,2407,38,681200836HV_002.jpg,Normal,640,38,1220,293
515,tommy,69,40,681200836HV_002.jpg,Normal,642,38,780,2777
517,tommy,449,38,681200836HV_002.jpg,Normal,644,41,2283,2353
519,tommy,1624,46,681200836HV_002.jpg,Abnormal,646,62,631,1077
521,tommy,1861,36,681200836HV_002.jpg,Normal,648,37,762,839
523,tommy,1733,41,681200836HV_002.jpg,Normal,650,41,570,964
524,tommy,2695,38,681200836HV_002.jpg,Normal,651,37,460,10
526,tommy,1733,41,681200836HV_002.jpg,Normal,653,41,570,964
527,tommy,1672,40,681200836HV_002.jpg,Abnormal,654,45,2560,1029
530,tommy,2302,38,681200836HV_002.jpg,Normal,657,34,1585,399
532,tommy,1210,40,681200836HV_002.jpg,Normal,659,41,1065,1538
534,tommy,1088,41,681200836HV_002.jpg,Normal,661,36,692,1674
535,tommy,931,39,681200836HV_002.jpg,Normal,662,40,2635,1851
538,tommy,795,41,681200836HV_002.jpg,Abnormal,665,41,811,1995
539,tommy,278,40,681200836HV_002.jpg,Abnormal,666,39,550,2540
543,tommy,2426,44,681200836HV_002.jpg,Reject,670,43,1804,273
544,tommy,452,38,681200836HV_002.jpg,Normal,671,39,554,2351
546,tommy,760,39,681200836HV_002.jpg,Normal,673,42,2245,2029
548,tommy,961,35,681200836HV_002.jpg,Normal,675,37,801,1819
556,tommy,2173,36,681200836HV_002.jpg,Normal,683,40,397,534
558,tommy,1868,38,681200836HV_002.jpg,Normal,685,40,2465,834
564,tommy,2636,36,681200836HV_002.jpg,Normal,691,40,1215,61
572,tommy,1,52,681200836HV_002.jpg,Reject,699,38,2833,2299
573,tommy,1726,36,681200836HV_002.jpg,Normal,700,40,276,969
575,tommy,603,36,681200836HV_002.jpg,Abnormal,702,40,512,2201
578,tommy,707,43,681200836HV_002.jpg,Abnormal,705,43,1036,2094
580,tommy,206,44,681200836HV_002.jpg,Reject,707,41,2516,2616
581,tommy,359,42,681200836HV_002.jpg,Reject,708,40,510,2468
583,tommy,1539,58,681200836HV_002.jpg,Abnormal,710,62,2129,1168
586,tommy,2390,40,681200836HV_002.jpg,Normal,713,41,2696,303
589,tommy,2129,38,681200836HV_002.jpg,Normal,716,36,2282,578
590,tommy,359,42,681200836HV_002.jpg,Normal,717,40,510,2468
591,tommy,1149,39,681200836HV_002.jpg,Normal,718,44,522,1596
597,tommy,372,42,681200836HV_002.jpg,Normal,724,40,472,2446
600,tommy,1212,41,681200836HV_002.jpg,Abnormal,727,41,554,1537
601,tommy,1471,38,681200836HV_002.jpg,Normal,728,40,53,1251
604,tommy,1307,43,681200836HV_002.jpg,Normal,731,40,478,1435
608,tommy,153,39,681200836HV_002.jpg,Normal,735,42,2319,2662
612,tommy,69,40,681200836HV_002.jpg,Reject,739,38,780,2777
615,tommy,1822,36,681200836HV_002.jpg,Normal,742,39,306,872
620,tommy,117,39,681200836HV_002.jpg,Abnormal,747,39,2403,2714
621,tommy,1779,44,681200836HV_002.jpg,Normal,748,40,593,923
622,tommy,69,40,681200836HV_002.jpg,Normal,749,38,780,2777
623,tommy,805,39,681200836HV_002.jpg,Normal,750,39,2659,1982
625,tommy,581,41,681200836HV_002.jpg,Normal,752,33,1145,2223
627,tommy,578,44,681200836HV_002.jpg,Normal,754,36,1269,2226
629,tommy,1633,36,681200836HV_002.jpg,Normal,756,39,2667,1066
634,tommy,2697,43,681200836HV_002.jpg,Normal,761,41,1732,6
637,tommy,238,39,681200836HV_002.jpg,Normal,764,38,1083,2583
640,tommy,876,64,681200836HV_002.jpg,Abnormal,767,49,1549,1912
643,tommy,2563,44,681200836HV_002.jpg,Abnormal,770,40,2678,136
645,tommy,804,38,681200836HV_002.jpg,Abnormal,772,34,1524,1985
650,tommy,389,38,681200836HV_002.jpg,Reject,777,40,360,2429
651,tommy,1608,39,681200836HV_002.jpg,Reject,778,37,2832,1090
654,tommy,437,44,681200836HV_002.jpg,Normal,781,39,2337,2369
657,tommy,1268,38,681200836HV_002.jpg,Reject,784,34,1768,1477
661,tommy,2344,39,681200836HV_002.jpg,Normal,788,34,624,355
662,tommy,1172,36,681200836HV_002.jpg,Normal,789,34,1255,1580
667,tommy,2034,42,681200836HV_002.jpg,Abnormal,794,43,1963,667
668,tommy,1653,34,681200836HV_002.jpg,Abnormal,795,46,665,1044
669,tommy,2034,42,681200836HV_002.jpg,Abnormal,796,43,1963,667
671,tommy,712,35,681200836HV_002.jpg,Normal,798,38,1192,2089
672,tommy,2614,40,681200836HV_002.jpg,Abnormal,799,38,2628,84
674,tommy,1495,39,681200836HV_002.jpg,Normal,801,37,2216,1222
676,tommy,389,38,681200836HV_002.jpg,Abnormal,803,40,360,2429
680,tommy,1536,39,681200836HV_002.jpg,Normal,807,39,1255,1174
682,tommy,729,41,681200836HV_002.jpg,Normal,809,39,2317,2064
683,tommy,837,40,681200836HV_002.jpg,Normal,810,39,2470,1948
684,tommy,1845,42,681200836HV_002.jpg,Normal,811,37,2539,851
685,tommy,1448,42,681200836HV_002.jpg,Normal,812,36,2235,1274
690,tommy,294,40,681200836HV_002.jpg,Reject,817,40,474,2523
692,tommy,2460,40,681200836HV_002.jpg,Normal,819,37,2164,240
694,tommy,2048,41,681200836HV_002.jpg,Normal,821,37,352,660
695,tommy,31,40,681200836HV_002.jpg,Normal,822,39,875,2816
700,tommy,161,42,681200836HV_002.jpg,Normal,827,35,1897,2653
703,tommy,1674,42,681200836HV_002.jpg,Normal,830,39,408,1027
709,tommy,534,38,681200836HV_002.jpg,Normal,836,37,2334,2266
712,tommy,1627,44,681200836HV_002.jpg,Normal,839,43,1043,1074
715,tommy,139,41,681200836HV_002.jpg,Normal,842,42,2012,2682
716,tommy,627,40,681200836HV_002.jpg,Normal,843,38,2585,2180
718,tommy,1276,35,681200836HV_002.jpg,Normal,845,36,2058,1471
720,tommy,333,39,681200836HV_002.jpg,Normal,847,35,736,2492
725,tommy,1863,37,681200836HV_002.jpg,Normal,852,38,328,837
732,tommy,345,38,681200836HV_002.jpg,Normal,859,37,2260,2477
740,tommy,2314,39,681200836HV_002.jpg,Normal,867,36,695,387
745,tommy,1342,38,681200836HV_002.jpg,Normal,872,40,746,1395
746,tommy,1397,40,681200836HV_002.jpg,Normal,873,41,1669,1339
748,tommy,324,57,681200836HV_002.jpg,Abnormal,875,52,2596,2496
749,tommy,819,39,681200836HV_002.jpg,Normal,876,39,2789,1968
750,tommy,2544,37,681200836HV_002.jpg,Normal,877,46,745,147
757,tommy,1852,43,681200836HV_002.jpg,Normal,884,38,2401,842
758,tommy,1868,38,681200836HV_002.jpg,Normal,885,40,2465,834
759,tommy,2307,38,681200836HV_002.jpg,Normal,886,32,824,392
760,tommy,1931,39,681200836HV_002.jpg,Normal,887,40,2625,767
762,tommy,409,39,681200836HV_002.jpg,Normal,889,38,1883,2404
764,tommy,1530,37,681200836HV_002.jpg,Normal,891,40,357,1180
767,tommy,2400,39,681200836HV_002.jpg,Abnormal,894,70,1735,297
768,tommy,289,35,681200836HV_002.jpg,Normal,895,36,975,2527
770,tommy,609,38,681200836HV_002.jpg,Normal,897,39,1816,2194
771,tommy,1608,39,681200836HV_002.jpg,Reject,898,37,2832,1090
774,tommy,1624,46,681200836HV_002.jpg,Abnormal,901,62,631,1077
776,tommy,1864,39,681200836HV_002.jpg,Normal,903,37,2007,836
779,tommy,1082,63,681200836HV_002.jpg,Abnormal,906,37,375,1679
781,tommy,2685,38,681200836HV_002.jpg,Normal,908,39,224,17
782,tommy,1654,40,681200836HV_002.jpg,Normal,909,41,372,1044
783,tommy,1642,34,681200836HV_002.jpg,Normal,910,42,763,1059
785,tommy,251,36,681200836HV_002.jpg,Normal,912,44,2050,2573
789,tommy,2296,41,681200836HV_002.jpg,Normal,916,35,345,406
791,tommy,1322,51,681200836HV_002.jpg,Abnormal,918,65,2589,1416
798,tommy,2679,36,681200836HV_002.jpg,Normal,925,34,2027,23
800,tommy,2592,43,681200836HV_002.jpg,Normal,927,39,1949,104
801,tommy,170,44,681200836HV_002.jpg,Normal,928,36,1857,2646
803,tommy,738,43,681200836HV_002.jpg,Abnormal,930,37,981,2059
804,tommy,957,46,681200836HV_002.jpg,Reject,931,37,1214,1827
808,tommy,1245,41,681200836HV_002.jpg,Reject,935,42,756,1505
809,tommy,540,44,681200836HV_002.jpg,Abnormal,936,65,51,2263
814,tommy,825,35,681200836HV_002.jpg,Abnormal,941,40,1288,1965
815,tommy,948,42,681200836HV_002.jpg,Normal,942,40,1750,1834
817,tommy,2695,38,681200836HV_002.jpg,Normal,944,37,460,10
819,tommy,1078,35,681200836HV_002.jpg,Abnormal,946,41,2827,1683
821,tommy,626,37,681200836HV_002.jpg,Normal,948,39,830,2182
824,tommy,2115,38,681200836HV_002.jpg,Normal,951,39,50,594
826,tommy,1608,39,681200836HV_002.jpg,Normal,953,37,2832,1090
827,tommy,2560,37,681200836HV_002.jpg,Normal,954,36,837,138
828,tommy,1540,40,681200836HV_002.jpg,Abnormal,955,43,693,1168
831,tommy,202,38,681200836HV_002.jpg,Reject,958,40,980,2618
834,tommy,394,43,681200836HV_002.jpg,Normal,961,40,257,2424
835,tommy,1698,37,681200836HV_002.jpg,Normal,962,38,1237,1001
837,tommy,493,37,681200836HV_002.jpg,Normal,964,41,1793,2308
841,tommy,629,37,681200836HV_002.jpg,Normal,968,42,765,2179
843,tommy,2663,44,681200836HV_002.jpg,Normal,970,40,866,39
851,tommy,1500,42,681200836HV_002.jpg,Abnormal,978,39,1323,1215
858,tommy,150,50,681200836HV_002.jpg,Abnormal,985,63,1261,2664
862,tommy,161,42,681200836HV_002.jpg,Normal,989,35,1897,2653
863,tommy,1532,39,681200836HV_002.jpg,Normal,990,38,1772,1177
864,tommy,1244,41,681200836HV_002.jpg,Normal,991,39,1266,1505
865,tommy,578,44,681200836HV_002.jpg,Normal,992,36,1269,2226
870,tommy,1224,38,681200836HV_002.jpg,Normal,997,38,1896,1530
871,tommy,2620,39,681200836HV_002.jpg,Normal,998,38,2549,80
872,tommy,1680,36,681200836HV_002.jpg,Normal,999,41,559,1020
873,tommy,1069,58,681200836HV_002.jpg,Abnormal,1000,54,190,1700
874,tommy,1654,40,681200836HV_002.jpg,Normal,1001,41,372,1044
875,tommy,121,36,681200836HV_002.jpg,Normal,1002,36,1250,2702
878,tommy,2370,40,681200836HV_002.jpg,Normal,1005,38,1443,326
880,tommy,2227,37,681200836HV_002.jpg,Normal,1007,38,438,483
884,tommy,409,39,681200836HV_002.jpg,Normal,1011,38,1883,2404
885,tommy,588,40,681200836HV_002.jpg,Abnormal,1012,42,2794,2216
886,tommy,463,35,681200836HV_002.jpg,Normal,1013,42,2363,2339
891,tommy,2479,44,681200836HV_002.jpg,Abnormal,1018,41,343,215
893,tommy,1431,36,681200836HV_002.jpg,Normal,1020,38,2446,1300
896,tommy,2512,40,681200836HV_002.jpg,Normal,1023,38,550,182
901,tommy,2103,44,681200836HV_002.jpg,Abnormal,1028,38,465,604
904,tommy,1483,35,681200836HV_002.jpg,Normal,1031,33,2274,1236
910,tommy,1159,33,681200836HV_002.jpg,Normal,1037,35,210,1591
914,tommy,2221,37,681200836HV_002.jpg,Normal,1041,44,2423,484
916,tommy,708,42,681200836HV_002.jpg,Reject,1043,41,1412,2091
917,tommy,1178,37,681200836HV_002.jpg,Normal,1044,38,693,1574
921,tommy,588,40,681200836HV_002.jpg,Reject,1048,42,2794,2216
925,tommy,432,40,681200836HV_002.jpg,Reject,1052,42,2382,2373
926,tommy,2183,40,681200836HV_002.jpg,Reject,1053,43,1080,525
927,tommy,2682,37,681200836HV_002.jpg,Abnormal,1054,41,24,21
929,tommy,58,40,681200836HV_002.jpg,Normal,1056,41,1806,2790
931,tommy,1825,41,681200836HV_002.jpg,Reject,1058,42,1683,868
933,tommy,2016,40,681200836HV_002.jpg,Normal,1060,43,2123,684
934,tommy,2136,41,681200836HV_002.jpg,Abnormal,1061,41,2718,569
939,tommy,1514,38,681200836HV_002.jpg,Abnormal,1066,42,1957,1196
940,tommy,36,42,681200836HV_002.jpg,Abnormal,1067,43,1894,2810
944,tommy,2211,43,681200836HV_002.jpg,Normal,1071,40,1497,492
945,tommy,2689,36,681200836HV_002.jpg,Abnormal,1072,38,2680,15
947,tommy,1268,38,681200836HV_002.jpg,Abnormal,1074,34,1768,1477
950,tommy,1304,39,681200836HV_002.jpg,Normal,1077,39,707,1439
957,tommy,892,34,681200836HV_002.jpg,Normal,1084,48,1226,1898
959,tommy,1486,42,681200836HV_002.jpg,Reject,1086,37,136,1231
961,tommy,433,42,681200836HV_002.jpg,Normal,1088,37,2220,2373
965,tommy,507,50,681200836HV_002.jpg,Abnormal,1092,54,516,2291
967,tommy,1712,33,681200836HV_002.jpg,Normal,1094,40,1592,990
970,tommy,1680,36,681200836HV_002.jpg,Normal,1097,41,559,1020
974,tommy,860,39,681200836HV_002.jpg,Normal,1101,39,2823,1927
975,tommy,816,60,681200836HV_002.jpg,Abnormal,1102,45,1368,1970
976,tommy,435,37,681200836HV_002.jpg,Normal,1103,39,1627,2371
977,tommy,195,38,681200836HV_002.jpg,Normal,1104,40,695,2622
981,tommy,1728,39,681200836HV_002.jpg,Normal,1108,42,1629,967
982,tommy,2351,35,681200836HV_002.jpg,Normal,1109,36,78,344
983,tommy,1815,41,681200836HV_002.jpg,Normal,1110,36,1851,878
986,tommy,1691,73,681200836HV_002.jpg,Abnormal,1113,38,1162,1010
989,tommy,2136,41,681200836HV_002.jpg,Normal,1116,41,2718,569
993,tommy,1993,45,681200836HV_002.jpg,Normal,1120,36,467,706
995,tommy,576,45,681200836HV_002.jpg,Abnormal,1122,41,2476,2229
996,tommy,421,40,681200836HV_002.jpg,Normal,1123,41,2054,2389
998,tommy,2554,36,681200836HV_002.jpg,Normal,1125,42,551,140
1001,tommy,1946,41,681200836HV_002.jpg,Normal,1128,34,461,755
1004,tommy,1629,41,681200836HV_002.jpg,Normal,1131,39,416,1071
1005,tommy,1435,38,681200836HV_002.jpg,Normal,1132,44,1819,1293
1007,tommy,2389,38,681200836HV_002.jpg,Normal,1134,35,94,305
1009,tommy,1711,42,681200836HV_002.jpg,Normal,1136,36,1943,990
1014,tommy,1983,42,681200836HV_002.jpg,Abnormal,1141,33,2688,715
1016,tommy,2401,40,681200836HV_002.jpg,Normal,1143,41,274,297
1017,tommy,1559,63,681200836HV_002.jpg,Abnormal,1144,44,2675,1145
1018,tommy,1704,39,681200836HV_002.jpg,Normal,1145,34,60,996
1019,tommy,1341,38,681200836HV_002.jpg,Normal,1146,41,376,1396
1022,tommy,1071,42,681200836HV_002.jpg,Normal,1149,38,1291,1694
1029,tommy,1137,42,681200836HV_002.jpg,Normal,1156,39,1181,1611
1033,tommy,2278,43,681200836HV_002.jpg,Normal,1160,38,905,427
1038,tommy,1164,39,681200836HV_002.jpg,Normal,1165,40,1938,1586
1039,tommy,84,41,681200836HV_002.jpg,Reject,1166,37,1410,2760
1041,tommy,2633,42,681200836HV_002.jpg,Normal,1168,36,1754,64
1042,tommy,2002,38,681200836HV_002.jpg,Normal,1169,35,1173,696
1054,tommy,1681,41,681200836HV_002.jpg,Normal,1181,38,2763,1019
1061,tommy,1815,41,681200836HV_002.jpg,Normal,1188,36,1851,878
1063,tommy,938,33,681200836HV_002.jpg,Normal,1190,38,2281,1844
1069,tommy,1296,37,681200836HV_002.jpg,Normal,1196,37,1149,1450
1070,tommy,2376,35,681200836HV_002.jpg,Normal,1197,38,2010,317
1071,tommy,367,36,681200836HV_002.jpg,Abnormal,1198,42,547,2452
1077,tommy,189,40,681200836HV_002.jpg,Normal,1204,37,2300,2627
1079,tommy,1652,44,681200836HV_002.jpg,Normal,1206,38,248,1045
1082,tommy,1199,35,681200836HV_002.jpg,Abnormal,1209,39,1447,1547
1084,tommy,535,42,681200836HV_002.jpg,Abnormal,1211,39,2267,2265
1086,tommy,2688,42,681200836HV_002.jpg,Normal,1213,36,799,16
1087,tommy,1687,44,681200836HV_002.jpg,Normal,1214,42,748,1013
1090,tommy,2559,43,681200836HV_002.jpg,Normal,1217,41,1434,139
1092,tommy,1273,40,681200836HV_002.jpg,Normal,1219,38,682,1473
1094,tommy,694,43,681200836HV_002.jpg,Normal,1221,39,2796,2104
1095,tommy,1499,38,681200836HV_002.jpg,Normal,1222,37,94,1216
1096,tommy,1056,44,681200836HV_002.jpg,Normal,1223,41,2412,1715
1103,tommy,785,39,681200836HV_002.jpg,Normal,1230,37,1897,2003
1105,tommy,1422,42,681200836HV_002.jpg,Normal,1232,38,78,1308
1108,tommy,2679,36,681200836HV_002.jpg,Normal,1235,34,2027,23
1109,tommy,459,43,681200836HV_002.jpg,Abnormal,1236,59,490,2345
1113,tommy,2495,37,681200836HV_002.jpg,Normal,1240,41,1158,197
1115,tommy,568,42,681200836HV_002.jpg,Normal,1242,36,883,2237
1118,tommy,84,41,681200836HV_002.jpg,Normal,1245,37,1410,2760
1121,tommy,497,40,681200836HV_002.jpg,Normal,1248,45,96,2303
1122,tommy,2249,39,681200836HV_002.jpg,Normal,1249,36,1692,454
1123,tommy,247,42,681200836HV_002.jpg,Abnormal,1250,41,1471,2575
1127,tommy,265,46,681200836HV_002.jpg,Reject,1254,34,1913,2553
1129,tommy,235,40,681200836HV_002.jpg,Abnormal,1256,41,1823,2584
1131,tommy,1737,40,681200836HV_002.jpg,Abnormal,1258,34,2278,956
1133,tommy,1264,40,681200836HV_002.jpg,Normal,1260,36,1349,1481
1137,tommy,2294,39,681200836HV_002.jpg,Normal,1264,41,2118,406
1138,tommy,1237,37,681200836HV_002.jpg,Normal,1265,40,2068,1513
1142,tommy,267,43,681200836HV_002.jpg,Normal,1269,42,1950,2551
1143,tommy,976,38,681200836HV_002.jpg,Normal,1270,39,1874,1805
1149,tommy,1024,37,681200836HV_002.jpg,Abnormal,1276,47,2445,1753
1152,tommy,2688,42,681200836HV_002.jpg,Normal,1279,36,799,16
1155,tommy,238,39,681200836HV_002.jpg,Normal,1282,38,1083,2583
1160,tommy,1108,39,681200836HV_002.jpg,Abnormal,1287,43,2680,1647
1161,tommy,2663,44,681200836HV_002.jpg,Normal,1288,40,866,39
1174,tommy,2515,45,681200836HV_002.jpg,Abnormal,1301,45,999,177
1179,tommy,1616,40,681200836HV_002.jpg,Normal,1306,38,1703,1083
1183,tommy,1307,43,681200836HV_002.jpg,Normal,1310,40,478,1435
1186,tommy,1940,42,681200836HV_002.jpg,Normal,1313,38,376,761
1187,tommy,1906,40,681200836HV_002.jpg,Normal,1314,42,1936,795
1189,tommy,1931,39,681200836HV_002.jpg,Normal,1316,40,2625,767
1194,tommy,628,38,681200836HV_002.jpg,Normal,1321,37,2417,2180
1195,tommy,727,40,681200836HV_002.jpg,Normal,1322,43,1724,2065
1198,tommy,1666,34,681200836HV_002.jpg,Normal,1325,38,796,1033
1199,tommy,1719,38,681200836HV_002.jpg,Normal,1326,36,406,984
1201,tommy,2604,43,681200836HV_002.jpg,Abnormal,1328,42,2705,94
1203,tommy,868,37,681200836HV_002.jpg,Abnormal,1330,41,995,1919
1205,tommy,2540,32,681200836HV_002.jpg,Normal,1332,36,2512,148
1206,tommy,2360,37,681200836HV_002.jpg,Normal,1333,35,159,338
1207,tommy,75,41,681200836HV_002.jpg,Normal,1334,35,181,2774
1216,tommy,1217,37,681200836HV_002.jpg,Normal,1343,40,1749,1533
1218,tommy,1043,42,681200836HV_002.jpg,Normal,1345,41,768,1726
1219,tommy,1369,42,681200836HV_002.jpg,Abnormal,1346,41,82,1367
1223,tommy,1316,39,681200836HV_002.jpg,Abnormal,1350,43,2666,1423
1241,tommy,1986,37,681200836HV_002.jpg,Normal,1368,35,1438,712
1242,tommy,1397,40,681200836HV_002.jpg,Normal,1369,41,1669,1339
1247,tommy,1191,47,681200836HV_002.jpg,Abnormal,1374,42,2459,1553
1248,tommy,1958,39,681200836HV_002.jpg,Normal,1375,40,2750,738
1251,tommy,2184,43,681200836HV_002.jpg,Abnormal,1378,44,2428,522
1257,tommy,2135,43,681200836HV_002.jpg,Abnormal,1384,40,14,571
1260,tommy,1791,45,681200836HV_002.jpg,Abnormal,1387,41,1464,905
1262,tommy,1910,42,681200836HV_002.jpg,Normal,1389,43,1399,791
1263,tommy,1675,39,681200836HV_002.jpg,Normal,1390,40,1670,1026
1264,tommy,577,38,681200836HV_002.jpg,Normal,1391,37,1672,2229
1267,tommy,591,42,681200836HV_002.jpg,Normal,1394,37,1521,2215
1272,tommy,804,38,681200836HV_002.jpg,Abnormal,1399,34,1524,1985
1274,tommy,1526,40,681200836HV_002.jpg,Normal,1401,35,1074,1183
1279,tommy,207,37,681200836HV_002.jpg,Normal,1406,41,778,2616
1280,tommy,2668,40,681200836HV_002.jpg,Normal,1407,42,1319,34
1284,tommy,2087,43,681200836HV_002.jpg,Normal,1411,44,913,623
1285,tommy,1020,40,681200836HV_002.jpg,Normal,1412,41,2687,1755
1286,tommy,2616,40,681200836HV_002.jpg,Normal,1413,37,2074,83
1287,tommy,683,38,681200836HV_002.jpg,Normal,1414,43,1939,2126
1289,tommy,159,36,681200836HV_002.jpg,Normal,1416,43,2081,2655
1291,tommy,825,35,681200836HV_002.jpg,Abnormal,1418,40,1288,1965
1292,tommy,1991,47,681200836HV_002.jpg,Normal,1419,35,2206,708
1293,tommy,417,39,681200836HV_002.jpg,Normal,1420,40,1209,2396
1294,tommy,1868,38,681200836HV_002.jpg,Normal,1421,40,2465,834
1297,tommy,389,38,681200836HV_002.jpg,Abnormal,1424,40,360,2429
1298,tommy,210,41,681200836HV_002.jpg,Normal,1425,41,1109,2614
1302,tommy,1253,40,681200836HV_002.jpg,Normal,1429,39,809,1493
1304,tommy,2060,40,681200836HV_002.jpg,Reject,1431,37,1457,645
1311,tommy,270,33,681200836HV_002.jpg,Abnormal,1438,43,294,2550
1313,tommy,329,44,681200836HV_002.jpg,Abnormal,1440,42,1287,2493
1320,tommy,1217,37,681200836HV_002.jpg,Normal,1447,40,1749,1533
1321,tommy,2206,37,681200836HV_002.jpg,Normal,1448,41,992,497
1322,tommy,2344,39,681200836HV_002.jpg,Normal,1449,34,624,355
1324,tommy,1936,37,681200836HV_002.jpg,Normal,1451,40,333,763
1328,tommy,1323,67,681200836HV_002.jpg,Abnormal,1455,39,321,1416
1329,tommy,1815,41,681200836HV_002.jpg,Normal,1456,36,1851,878
1330,tommy,612,39,681200836HV_002.jpg,Normal,1457,39,880,2193
1338,tommy,624,39,681200836HV_002.jpg,Normal,1465,36,56,2183
1340,tommy,1140,42,681200836HV_002.jpg,Abnormal,1467,33,1283,1610
1341,tommy,2115,38,681200836HV_002.jpg,Normal,1468,39,50,594
1342,tommy,1718,42,681200836HV_002.jpg,Abnormal,1469,45,1046,985
1343,tommy,254,40,681200836HV_002.jpg,Abnormal,1470,37,1123,2570
1350,tommy,1823,42,681200836HV_002.jpg,Normal,1477,34,1293,871
1351,tommy,355,44,681200836HV_002.jpg,Abnormal,1478,43,14,2470
1353,tommy,2054,34,681200836HV_002.jpg,Normal,1480,36,203,653
1354,tommy,2393,46,681200836HV_002.jpg,Normal,1481,36,2653,301
1357,tommy,2248,39,681200836HV_002.jpg,Normal,1484,37,988,455
1358,tommy,955,54,681200836HV_002.jpg,Abnormal,1485,57,2221,1828
1361,tommy,9,42,681200836HV_002.jpg,Abnormal,1488,43,2737,2844
1362,tommy,1160,37,681200836HV_002.jpg,Abnormal,1489,34,937,1590
1364,tommy,111,41,681200836HV_002.jpg,Normal,1491,39,485,2723
1367,tommy,97,39,681200836HV_002.jpg,Normal,1494,36,621,2744
1369,tommy,508,34,681200836HV_002.jpg,Normal,1496,37,242,2289
1370,tommy,1276,35,681200836HV_002.jpg,Normal,1497,36,2058,1471
1371,tommy,498,45,681200836HV_002.jpg,Normal,1498,38,1978,2302
1373,tommy,1883,38,681200836HV_002.jpg,Normal,1500,43,1551,818
1374,tommy,1049,41,681200836HV_002.jpg,Normal,1501,41,2710,1720
1376,tommy,2482,42,681200836HV_002.jpg,Abnormal,1503,63,1712,212
1377,tommy,2011,44,681200836HV_002.jpg,Abnormal,1504,39,711,687
1378,tommy,1373,41,681200836HV_002.jpg,Abnormal,1505,35,2313,1361
1380,tommy,1577,40,681200836HV_002.jpg,Normal,1507,40,2163,1125
1381,tommy,2447,41,681200836HV_002.jpg,Normal,1508,41,1576,252
1383,tommy,825,35,681200836HV_002.jpg,Abnormal,1510,40,1288,1965
1390,tommy,564,37,681200836HV_002.jpg,Abnormal,1517,45,389,2242
1394,tommy,2296,41,681200836HV_002.jpg,Normal,1521,35,345,406
1395,tommy,822,37,681200836HV_002.jpg,Normal,1522,40,2249,1966
1401,tommy,1152,66,681200836HV_002.jpg,Abnormal,1528,47,2736,1594
1405,tommy,527,36,681200836HV_002.jpg,Normal,1532,46,1661,2276
1407,tommy,394,43,681200836HV_002.jpg,Reject,1534,40,257,2424
1411,tommy,2095,43,681200836HV_002.jpg,Normal,1538,39,1526,618
1413,tommy,672,39,681200836HV_002.jpg,Abnormal,1540,40,765,2134
1414,tommy,2076,41,681200836HV_002.jpg,Normal,1541,38,816,631
1421,tommy,1001,46,681200836HV_002.jpg,Abnormal,1548,41,1785,1779
1422,tommy,2010,41,681200836HV_002.jpg,Abnormal,1549,37,1003,687
1424,tommy,1431,36,681200836HV_002.jpg,Normal,1551,38,2446,1300
1427,tommy,2043,41,681200836HV_002.jpg,Normal,1554,40,1558,661
1429,tommy,1742,39,681200836HV_002.jpg,Normal,1556,34,1975,953
1439,tommy,943,41,681200836HV_002.jpg,Abnormal,1566,35,978,1841
1441,tommy,134,45,681200836HV_002.jpg,Abnormal,1568,61,1728,2686
1444,tommy,1151,42,681200836HV_002.jpg,Normal,1571,38,1553,1595
1447,tommy,896,43,681200836HV_002.jpg,Normal,1574,42,1679,1891
1451,tommy,1050,38,681200836HV_002.jpg,Normal,1578,36,2629,1720
1452,tommy,637,35,681200836HV_002.jpg,Normal,1579,47,1326,2172
1453,tommy,588,40,681200836HV_002.jpg,Abnormal,1580,42,2794,2216
1458,tommy,467,40,681200836HV_002.jpg,Normal,1585,40,73,2336
1461,tommy,1867,43,681200836HV_002.jpg,Normal,1588,38,286,835
1463,tommy,1308,39,681200836HV_002.jpg,Abnormal,1590,38,1032,1434
1465,tommy,435,37,681200836HV_002.jpg,Normal,1592,39,1627,2371
1467,tommy,17,36,681200836HV_002.jpg,Normal,1594,39,2029,2830
1468,tommy,2012,46,681200836HV_002.jpg,Abnormal,1595,36,432,686
1469,tommy,389,38,681200836HV_002.jpg,Abnormal,1596,40,360,2429
1473,tommy,1972,40,681200836HV_002.jpg,Normal,1600,42,972,727
1476,tommy,466,43,681200836HV_002.jpg,Abnormal,1603,34,871,2336
1478,tommy,2257,38,681200836HV_002.jpg,Normal,1605,39,694,447
1479,tommy,2250,38,681200836HV_002.jpg,Normal,1606,36,1751,452
1482,tommy,179,33,681200836HV_002.jpg,Normal,1609,39,1930,2639
1485,tommy,2610,39,681200836HV_002.jpg,Normal,1612,39,1136,87
1487,tommy,2103,44,681200836HV_002.jpg,Abnormal,1614,38,465,604
1492,tommy,412,40,681200836HV_002.jpg,Abnormal,1619,32,997,2402
1498,tommy,205,43,681200836HV_002.jpg,Abnormal,1625,62,18,2617
1500,tommy,2201,42,681200836HV_002.jpg,Normal,1627,41,1538,503
1501,tommy,345,38,681200836HV_002.jpg,Normal,1628,37,2260,2477
1504,tommy,2016,40,681200836HV_002.jpg,Normal,1631,43,2123,684
1508,tommy,2597,37,681200836HV_002.jpg,Normal,1635,36,146,99
1509,tommy,1251,42,681200836HV_002.jpg,Normal,1636,42,1725,1494
1513,tommy,2079,40,681200836HV_002.jpg,Reject,1640,42,1110,630
1517,tommy,1527,36,681200836HV_002.jpg,Normal,1644,39,909,1183
1519,tommy,2260,36,681200836HV_002.jpg,Normal,1646,44,1581,443
1526,tommy,327,40,681200836HV_002.jpg,Normal,1653,40,2676,2494
1527,tommy,180,40,681200836HV_002.jpg,Reject,1654,45,1629,2639
1536,tommy,1823,42,681200836HV_002.jpg,Normal,1663,34,1293,871
1537,tommy,1061,39,681200836HV_002.jpg,Normal,1664,38,637,1709
1541,tommy,1670,40,681200836HV_002.jpg,Abnormal,1668,43,2320,1030
1546,tommy,1956,36,681200836HV_002.jpg,Normal,1673,40,2303,744
1549,eben,1526,40,681200836HV_002.jpg,Normal,1676,35,1074,1183
1550,eben,936,43,681200836HV_002.jpg,Normal,1677,36,2133,1848
1551,eben,694,43,681200836HV_002.jpg,Normal,1678,39,2796,2104
2,tommy,5489,37,681806917HV_251.jpg,Normal,129,37,1217,7
4,tommy,3292,37,681806917HV_251.jpg,Normal,131,36,1853,2236
11,tommy,4179,39,681806917HV_251.jpg,Normal,138,39,878,1346
12,tommy,4870,36,681806917HV_251.jpg,Normal,139,36,2443,637
16,tommy,2960,36,681806917HV_251.jpg,Normal,143,38,234,2572
18,tommy,3642,42,681806917HV_251.jpg,Normal,145,42,818,1884
19,tommy,4270,35,681806917HV_251.jpg,Abnormal,146,40,1347,1248
27,tommy,4916,38,681806917HV_251.jpg,Normal,154,39,2716,588
28,tommy,3867,37,681806917HV_251.jpg,Normal,155,36,224,1658
29,tommy,4179,39,681806917HV_251.jpg,Normal,156,39,878,1346
34,tommy,4270,35,681806917HV_251.jpg,Abnormal,161,40,1347,1248
35,tommy,5053,44,681806917HV_251.jpg,Reject,162,40,177,450
38,tommy,4966,44,681806917HV_251.jpg,Normal,165,41,1053,536
40,tommy,4129,36,681806917HV_251.jpg,Normal,167,38,348,1408
41,tommy,3019,37,681806917HV_251.jpg,Normal,168,37,1758,2508
43,tommy,3891,39,681806917HV_251.jpg,Normal,170,42,2619,1634
44,tommy,3370,31,681806917HV_251.jpg,Normal,171,39,1786,2167
46,tommy,5017,40,681806917HV_251.jpg,Normal,173,45,2465,484
47,tommy,5112,34,681806917HV_251.jpg,Normal,174,38,1543,387
50,tommy,5268,39,681806917HV_251.jpg,Normal,177,37,208,228
54,tommy,3052,36,681806917HV_251.jpg,Normal,181,35,2300,2466
58,tommy,3013,44,681806917HV_251.jpg,Normal,185,44,2791,2512
63,tommy,3401,38,681806917HV_251.jpg,Abnormal,190,36,1790,2128
67,tommy,4112,39,681806917HV_251.jpg,Normal,194,39,1365,1421
70,tommy,4008,40,681806917HV_251.jpg,Normal,197,32,770,1525
72,tommy,4167,41,681806917HV_251.jpg,Normal,199,39,1413,1357
79,tommy,3859,37,681806917HV_251.jpg,Normal,206,37,1571,1667
90,tommy,3558,40,681806917HV_251.jpg,Normal,217,40,692,1971
92,tommy,3012,43,681806917HV_251.jpg,Normal,219,41,2140,2513
93,tommy,5112,34,681806917HV_251.jpg,Normal,220,38,1543,387
94,tommy,3381,38,681806917HV_251.jpg,Normal,221,40,337,2153
96,tommy,4074,45,681806917HV_251.jpg,Normal,223,43,2264,1461
100,tommy,4359,37,681806917HV_251.jpg,Normal,227,37,2121,1155
101,tommy,3623,42,681806917HV_251.jpg,Normal,228,40,2491,1900
104,tommy,3370,31,681806917HV_251.jpg,Normal,231,39,1786,2167
106,tommy,3056,41,681806917HV_251.jpg,Normal,233,40,2217,2460
108,tommy,4270,35,681806917HV_251.jpg,Abnormal,235,40,1347,1248
118,tommy,4055,38,681806917HV_251.jpg,Normal,245,38,1947,1484
120,tommy,4318,41,681806917HV_251.jpg,Normal,247,44,2308,1190
121,tommy,3017,45,681806917HV_251.jpg,Normal,248,41,2059,2509
125,tommy,4995,37,681806917HV_251.jpg,Normal,252,37,2565,505
126,tommy,3946,37,681806917HV_251.jpg,Normal,253,37,1749,1587
128,tommy,3859,37,681806917HV_251.jpg,Normal,255,37,1571,1667
130,tommy,5093,35,681806917HV_251.jpg,Normal,257,34,1881,407
135,tommy,4702,36,681806917HV_251.jpg,Normal,262,37,1913,822
136,tommy,5374,43,681806917HV_251.jpg,Normal,263,40,1279,118
140,tommy,5076,39,681806917HV_251.jpg,Normal,267,42,1321,421
143,tommy,4118,39,681806917HV_251.jpg,Normal,270,36,1788,1418
144,tommy,4463,39,681806917HV_251.jpg,Abnormal,271,64,276,1053
148,tommy,3302,39,681806917HV_251.jpg,Normal,275,41,247,2228
155,tommy,3390,41,681806917HV_251.jpg,Normal,282,42,1378,2136
164,tommy,4025,39,681806917HV_251.jpg,Normal,291,38,2523,1506
165,tommy,4696,40,681806917HV_251.jpg,Normal,292,40,2654,827
167,tommy,4731,38,681806917HV_251.jpg,Abnormal,294,37,679,796
170,tommy,4270,35,681806917HV_251.jpg,Abnormal,297,40,1347,1248
171,tommy,3017,45,681806917HV_251.jpg,Normal,298,41,2059,2509
174,tommy,5011,40,681806917HV_251.jpg,Normal,301,42,962,491
179,tommy,2960,36,681806917HV_251.jpg,Normal,306,38,234,2572
187,tommy,3790,37,681806917HV_251.jpg,Normal,314,38,1886,1738
190,tommy,4318,41,681806917HV_251.jpg,Normal,317,44,2308,1190
194,tommy,3074,36,681806917HV_251.jpg,Normal,321,36,629,2449
195,tommy,3633,43,681806917HV_251.jpg,Normal,322,41,1762,1891
196,tommy,4830,37,681806917HV_251.jpg,Normal,323,40,2388,686
197,tommy,3794,40,681806917HV_251.jpg,Normal,324,41,1661,1734
203,tommy,4219,38,681806917HV_251.jpg,Normal,330,38,585,1304
204,tommy,2833,36,681806917HV_251.jpg,Normal,331,38,156,2708
209,tommy,5210,44,681806917HV_251.jpg,Normal,336,42,1749,289
212,tommy,4672,40,681806917HV_251.jpg,Normal,339,39,1420,849
227,tommy,5131,40,681806917HV_251.jpg,Normal,354,38,2597,368
230,tommy,3558,40,681806917HV_251.jpg,Normal,357,40,692,1971
233,tommy,4171,41,681806917HV_251.jpg,Normal,360,38,656,1354
235,tommy,3549,35,681806917HV_251.jpg,Abnormal,362,39,1545,1979
236,tommy,5007,39,681806917HV_251.jpg,Normal,363,39,2387,493
243,tommy,4074,45,681806917HV_251.jpg,Normal,370,43,2264,1461
245,tommy,4090,46,681806917HV_251.jpg,Normal,372,38,716,1444
246,tommy,3633,43,681806917HV_251.jpg,Normal,373,41,1762,1891
252,tommy,2999,39,681806917HV_251.jpg,Normal,379,39,29,2531
253,tommy,3320,41,681806917HV_251.jpg,Normal,380,40,590,2210
259,tommy,4607,38,681806917HV_251.jpg,Normal,386,39,2598,912
260,tommy,3163,45,681806917HV_251.jpg,Abnormal,387,33,2799,2363
262,tommy,5342,38,681806917HV_251.jpg,Normal,389,39,182,152
264,tommy,5093,35,681806917HV_251.jpg,Normal,391,34,1881,407
266,tommy,4729,41,681806917HV_251.jpg,Normal,393,42,2814,799
271,tommy,3579,44,681806917HV_251.jpg,Normal,398,42,561,1956
278,tommy,3743,34,681806917HV_251.jpg,Normal,405,35,1595,1784
279,tommy,3135,40,681806917HV_251.jpg,Normal,406,40,530,2389
280,tommy,4438,40,681806917HV_251.jpg,Normal,407,39,711,1074
281,tommy,2811,40,681806917HV_251.jpg,Normal,408,36,2418,2725
283,tommy,3012,43,681806917HV_251.jpg,Normal,410,41,2140,2513
284,tommy,2780,41,681806917HV_251.jpg,Normal,411,40,2809,2756
286,tommy,4988,37,681806917HV_251.jpg,Normal,413,41,346,514
288,tommy,4955,41,681806917HV_251.jpg,Normal,415,40,1488,544
300,tommy,5073,40,681806917HV_251.jpg,Normal,427,39,69,426
301,tommy,4607,38,681806917HV_251.jpg,Normal,428,39,2598,912
311,tommy,4743,37,681806917HV_251.jpg,Normal,438,36,478,783
312,tommy,2820,38,681806917HV_251.jpg,Normal,439,39,1299,2715
320,tommy,3095,41,681806917HV_251.jpg,Normal,447,41,1810,2429
324,tommy,3626,38,681806917HV_251.jpg,Normal,451,45,2796,1895
327,tommy,3268,38,681806917HV_251.jpg,Normal,454,43,1105,2264
328,tommy,5457,40,681806917HV_251.jpg,Normal,455,43,131,45
331,tommy,4593,42,681806917HV_251.jpg,Normal,458,44,165,925
333,tommy,4684,39,681806917HV_251.jpg,Normal,460,39,292,839
334,tommy,4691,40,681806917HV_251.jpg,Normal,461,41,1152,834
336,tommy,4982,36,681806917HV_251.jpg,Normal,463,37,2129,522
340,tommy,4676,39,681806917HV_251.jpg,Normal,467,41,1570,843
344,tommy,2794,40,681806917HV_251.jpg,Normal,471,37,2224,2739
347,tommy,4074,45,681806917HV_251.jpg,Normal,474,43,2264,1461
348,tommy,5483,37,681806917HV_251.jpg,Normal,475,37,636,12
350,tommy,5042,49,681806917HV_251.jpg,Abnormal,477,65,884,462
357,tommy,2756,43,681806917HV_251.jpg,Normal,484,39,40,2783
358,tommy,5002,57,681806917HV_251.jpg,Abnormal,485,54,2613,497
359,tommy,2833,36,681806917HV_251.jpg,Normal,486,38,156,2708
360,tommy,3811,42,681806917HV_251.jpg,Normal,487,38,1517,1712
368,tommy,3401,38,681806917HV_251.jpg,Normal,495,36,1790,2128
373,tommy,2870,40,681806917HV_251.jpg,Normal,500,40,1009,2662
374,tommy,4268,39,681806917HV_251.jpg,Normal,501,37,2526,1250
375,tommy,4206,40,681806917HV_251.jpg,Normal,502,39,2805,1318
380,tommy,2996,39,681806917HV_251.jpg,Reject,507,39,669,2534
381,tommy,3710,45,681806917HV_251.jpg,Normal,508,42,1523,1821
385,tommy,3284,40,681806917HV_251.jpg,Abnormal,512,41,2675,2245
388,tommy,3947,41,681806917HV_251.jpg,Normal,515,38,853,1585
392,tommy,3717,40,681806917HV_251.jpg,Normal,519,44,1929,1813
394,tommy,3579,44,681806917HV_251.jpg,Normal,521,42,561,1956
396,tommy,4352,40,681806917HV_251.jpg,Normal,523,40,2274,1159
397,tommy,5251,38,681806917HV_251.jpg,Normal,524,39,2473,242
400,tommy,3017,45,681806917HV_251.jpg,Normal,527,41,2059,2509
402,tommy,3163,45,681806917HV_251.jpg,Normal,529,33,2799,2363
407,tommy,3721,38,681806917HV_251.jpg,Normal,534,38,2056,1810
408,tommy,4790,41,681806917HV_251.jpg,Normal,535,40,320,726
409,tommy,3623,42,681806917HV_251.jpg,Normal,536,40,2491,1900
411,tommy,3245,40,681806917HV_251.jpg,Normal,538,36,2190,2283
415,tommy,4663,35,681806917HV_251.jpg,Normal,542,37,2782,859
416,tommy,5412,41,681806917HV_251.jpg,Normal,543,41,196,82
419,tommy,2882,40,681806917HV_251.jpg,Normal,546,40,613,2648
424,tommy,5478,39,681806917HV_251.jpg,Normal,551,40,1567,19
425,tommy,3904,43,681806917HV_251.jpg,Normal,552,41,383,1625
428,tommy,3625,39,681806917HV_251.jpg,Normal,555,40,1818,1898
434,tommy,3064,46,681806917HV_251.jpg,Normal,561,39,2829,2455
437,tommy,4802,41,681806917HV_251.jpg,Normal,564,37,1184,712
440,tommy,3049,38,681806917HV_251.jpg,Abnormal,567,37,2492,2468
441,tommy,3971,38,681806917HV_251.jpg,Normal,568,38,2013,1560
445,tommy,3856,37,681806917HV_251.jpg,Normal,572,39,1783,1669
446,tommy,3647,34,681806917HV_251.jpg,Normal,573,35,1463,1878
448,tommy,4915,34,681806917HV_251.jpg,Normal,575,36,2197,589
450,tommy,3995,41,681806917HV_251.jpg,Normal,577,38,566,1536
452,tommy,5478,39,681806917HV_251.jpg,Normal,579,40,1567,19
454,tommy,3814,40,681806917HV_251.jpg,Normal,581,40,1350,1708
458,tommy,5340,41,681806917HV_251.jpg,Normal,585,39,1606,155
461,tommy,4955,41,681806917HV_251.jpg,Normal,588,40,1488,544
463,tommy,4200,44,681806917HV_251.jpg,Normal,590,41,1689,1325
464,tommy,4065,35,681806917HV_251.jpg,Normal,591,37,1579,1471
465,tommy,5411,38,681806917HV_251.jpg,Normal,592,39,1918,83
467,tommy,4909,36,681806917HV_251.jpg,Normal,594,35,1753,598
469,tommy,3010,39,681806917HV_251.jpg,Normal,596,35,505,2514
470,tommy,3895,41,681806917HV_251.jpg,Normal,597,40,188,1632
474,tommy,5126,41,681806917HV_251.jpg,Normal,601,43,1468,372
477,tommy,3620,35,681806917HV_251.jpg,Abnormal,604,35,2683,1901
481,tommy,4798,42,681806917HV_251.jpg,Normal,608,39,1142,716
482,tommy,4792,39,681806917HV_251.jpg,Normal,609,39,1239,721
485,tommy,4137,36,681806917HV_251.jpg,Normal,612,38,1814,1391
489,tommy,4975,42,681806917HV_251.jpg,Abnormal,616,44,1676,527
490,tommy,5459,39,681806917HV_251.jpg,Normal,617,39,257,42
493,tommy,3717,40,681806917HV_251.jpg,Normal,620,44,1929,1813
495,tommy,3398,34,681806917HV_251.jpg,Normal,622,35,2816,2130
496,tommy,3639,37,681806917HV_251.jpg,Normal,623,37,2717,1886
498,tommy,3302,39,681806917HV_251.jpg,Normal,625,41,247,2228
501,tommy,5018,42,681806917HV_251.jpg,Normal,628,40,1865,482
507,tommy,4979,40,681806917HV_251.jpg,Normal,634,40,1249,523
508,tommy,4778,43,681806917HV_251.jpg,Normal,635,43,1851,744
510,tommy,4600,40,681806917HV_251.jpg,Normal,637,37,2389,917
512,tommy,5193,40,681806917HV_251.jpg,Normal,639,41,2159,306
516,tommy,5112,34,681806917HV_251.jpg,Normal,643,38,1543,387
518,tommy,4547,36,681806917HV_251.jpg,Normal,645,35,925,971
528,tommy,5131,40,681806917HV_251.jpg,Normal,655,38,2597,368
529,tommy,5267,39,681806917HV_251.jpg,Normal,656,43,479,228
533,tommy,4292,36,681806917HV_251.jpg,Normal,660,34,2242,1224
541,tommy,5173,39,681806917HV_251.jpg,Normal,668,37,1064,325
542,tommy,3867,37,681806917HV_251.jpg,Normal,669,36,224,1658
545,tommy,3183,38,681806917HV_251.jpg,Normal,672,38,1303,2345
547,tommy,3633,43,681806917HV_251.jpg,Normal,674,41,1762,1891
549,tommy,2989,42,681806917HV_251.jpg,Normal,676,39,2683,2538
550,tommy,4891,36,681806917HV_251.jpg,Normal,677,39,1031,616
552,tommy,4653,40,681806917HV_251.jpg,Normal,679,40,330,869
553,tommy,3596,44,681806917HV_251.jpg,Normal,680,44,1667,1928
560,tommy,4163,40,681806917HV_251.jpg,Normal,687,39,330,1361
563,tommy,3120,40,681806917HV_251.jpg,Normal,690,41,1194,2406
566,tommy,5217,40,681806917HV_251.jpg,Normal,693,37,1861,285
568,tommy,5448,40,681806917HV_251.jpg,Normal,695,40,2047,50
571,tommy,4826,42,681806917HV_251.jpg,Normal,698,39,705,690
574,tommy,4209,37,681806917HV_251.jpg,Normal,701,38,2709,1316
577,tommy,5202,38,681806917HV_251.jpg,Normal,704,42,2021,295
579,tommy,4955,41,681806917HV_251.jpg,Normal,706,40,1488,544
584,tommy,4726,35,681806917HV_251.jpg,Normal,711,36,1595,802
587,tommy,4997,44,681806917HV_251.jpg,Normal,714,43,1117,505
588,tommy,4580,43,681806917HV_251.jpg,Normal,715,41,2132,937
593,tommy,3243,38,681806917HV_251.jpg,Normal,720,38,1488,2285
594,tommy,4183,37,681806917HV_251.jpg,Normal,721,39,2520,1342
595,tommy,4896,36,681806917HV_251.jpg,Normal,722,39,1458,608
599,tommy,3114,38,681806917HV_251.jpg,Normal,726,38,854,2411
603,tommy,3196,39,681806917HV_251.jpg,Normal,730,39,2516,2334
605,tommy,3015,42,681806917HV_251.jpg,Normal,732,43,377,2511
610,tommy,3188,42,681806917HV_251.jpg,Abnormal,737,38,2020,2340
624,tommy,4246,33,681806917HV_251.jpg,Normal,751,36,1270,1273
628,tommy,4268,39,681806917HV_251.jpg,Normal,755,37,2526,1250
631,tommy,3486,39,681806917HV_251.jpg,Normal,758,36,2648,2045
636,tommy,4920,39,681806917HV_251.jpg,Normal,763,36,2397,583
638,tommy,4499,38,681806917HV_251.jpg,Normal,765,38,1389,1015
639,tommy,3343,51,681806917HV_251.jpg,Normal,766,33,2449,2190
641,tommy,3302,39,681806917HV_251.jpg,Normal,768,41,247,2228
647,tommy,3838,40,681806917HV_251.jpg,Normal,774,40,347,1685
652,tommy,3209,38,681806917HV_251.jpg,Normal,779,41,1928,2323
653,tommy,4217,35,681806917HV_251.jpg,Normal,780,35,2565,1304
655,tommy,3033,37,681806917HV_251.jpg,Normal,782,40,87,2489
658,tommy,3251,51,681806917HV_251.jpg,Normal,785,51,756,2280
660,tommy,4233,41,681806917HV_251.jpg,Normal,787,42,261,1292
663,tommy,5273,39,681806917HV_251.jpg,Normal,790,38,526,226
664,tommy,3814,40,681806917HV_251.jpg,Normal,791,40,1350,1708
670,tommy,2883,40,681806917HV_251.jpg,Normal,797,40,1988,2646
673,tommy,5313,39,681806917HV_251.jpg,Normal,800,40,212,180
677,tommy,4431,41,681806917HV_251.jpg,Normal,804,39,2049,1078
678,tommy,2986,40,681806917HV_251.jpg,Abnormal,805,54,2234,2540
686,tommy,4651,37,681806917HV_251.jpg,Abnormal,813,41,936,870
687,tommy,4421,37,681806917HV_251.jpg,Normal,814,38,2088,1093
688,tommy,5079,38,681806917HV_251.jpg,Normal,815,37,452,419
696,tommy,3303,41,681806917HV_251.jpg,Normal,823,39,1732,2225
697,tommy,4020,47,681806917HV_251.jpg,Normal,824,43,497,1513
698,tommy,4021,39,681806917HV_251.jpg,Normal,825,37,201,1513
699,tommy,4045,40,681806917HV_251.jpg,Normal,826,39,2642,1490
702,tommy,4063,57,681806917HV_251.jpg,Abnormal,829,42,1465,1473
704,tommy,2923,40,681806917HV_251.jpg,Normal,831,40,2682,2609
705,tommy,2765,38,681806917HV_251.jpg,Reject,832,39,591,2768
706,tommy,2873,38,681806917HV_251.jpg,Normal,833,39,2071,2657
710,tommy,4771,40,681806917HV_251.jpg,Normal,837,38,1481,748
711,tommy,5330,65,681806917HV_251.jpg,Reject,838,41,2838,164
714,tommy,4625,38,681806917HV_251.jpg,Normal,841,39,1706,896
717,tommy,3327,35,681806917HV_251.jpg,Normal,844,38,2390,2205
719,tommy,4967,38,681806917HV_251.jpg,Normal,846,41,1830,535
724,tommy,3321,35,681806917HV_251.jpg,Normal,851,38,53,2210
726,tommy,5447,40,681806917HV_251.jpg,Normal,853,39,2625,51
727,tommy,3410,39,681806917HV_251.jpg,Abnormal,854,36,628,2125
728,tommy,4473,39,681806917HV_251.jpg,Normal,855,37,1431,1046
731,tommy,3934,44,681806917HV_251.jpg,Normal,858,43,270,1597
734,tommy,3424,36,681806917HV_251.jpg,Reject,861,39,80,2111
735,tommy,4856,38,681806917HV_251.jpg,Normal,862,39,2690,655
738,tommy,3346,39,681806917HV_251.jpg,Abnormal,865,39,125,2188
739,tommy,3524,39,681806917HV_251.jpg,Normal,866,39,807,2007
741,tommy,4344,35,681806917HV_251.jpg,Normal,868,36,1074,1167
742,tommy,2908,40,681806917HV_251.jpg,Normal,869,38,441,2624
743,tommy,4592,43,681806917HV_251.jpg,Normal,870,42,1063,925
747,tommy,5391,52,681806917HV_251.jpg,Abnormal,874,57,980,102
751,tommy,5314,35,681806917HV_251.jpg,Normal,878,37,2612,179
754,tommy,4927,41,681806917HV_251.jpg,Normal,881,41,1302,577
763,tommy,2759,37,681806917HV_251.jpg,Normal,890,36,1935,2779
773,tommy,3578,41,681806917HV_251.jpg,Reject,900,38,1868,1956
775,tommy,3381,38,681806917HV_251.jpg,Normal,902,40,337,2153
777,tommy,4184,38,681806917HV_251.jpg,Normal,904,38,75,1340
795,tommy,4731,38,681806917HV_251.jpg,Normal,922,37,679,796
796,tommy,3350,40,681806917HV_251.jpg,Normal,923,42,955,2185
806,tommy,5298,43,681806917HV_251.jpg,Normal,933,39,909,193
810,tommy,4685,37,681806917HV_251.jpg,Normal,937,38,922,837
812,tommy,5363,37,681806917HV_251.jpg,Normal,939,38,93,130
813,tommy,4377,41,681806917HV_251.jpg,Normal,940,37,1288,1143
818,tommy,3398,34,681806917HV_251.jpg,Normal,945,35,2816,2130
820,tommy,4523,37,681806917HV_251.jpg,Normal,947,42,1330,995
822,tommy,5224,35,681806917HV_251.jpg,Normal,949,38,645,277
825,tommy,5018,42,681806917HV_251.jpg,Normal,952,40,1865,482
830,tommy,5107,39,681806917HV_251.jpg,Normal,957,40,1149,394
832,tommy,3280,40,681806917HV_251.jpg,Normal,959,38,623,2248
836,tommy,3887,37,681806917HV_251.jpg,Normal,963,40,578,1637
838,tommy,2876,40,681806917HV_251.jpg,Normal,965,42,1597,2654
839,tommy,4527,42,681806917HV_251.jpg,Normal,966,40,2648,992
840,tommy,5183,46,681806917HV_251.jpg,Normal,967,34,864,319
842,tommy,3614,37,681806917HV_251.jpg,Normal,969,40,1975,1912
844,tommy,2780,41,681806917HV_251.jpg,Normal,971,40,2809,2756
852,tommy,4218,40,681806917HV_251.jpg,Normal,979,41,2141,1304
855,tommy,4046,40,681806917HV_251.jpg,Normal,982,39,1428,1490
856,tommy,2724,37,681806917HV_251.jpg,Normal,983,41,1976,2812
857,tommy,4916,38,681806917HV_251.jpg,Normal,984,39,2716,588
860,tommy,3486,39,681806917HV_251.jpg,Normal,987,36,2648,2045
866,tommy,4603,39,681806917HV_251.jpg,Normal,993,40,884,915
867,tommy,3804,39,681806917HV_251.jpg,Normal,994,41,71,1720
869,tommy,3851,39,681806917HV_251.jpg,Normal,996,37,2160,1673
879,tommy,5086,38,681806917HV_251.jpg,Normal,1006,40,1448,411
882,tommy,4684,39,681806917HV_251.jpg,Normal,1009,39,292,839
883,tommy,3558,40,681806917HV_251.jpg,Normal,1010,40,692,1971
888,tommy,3620,35,681806917HV_251.jpg,Abnormal,1015,35,2683,1901
889,tommy,3417,57,681806917HV_251.jpg,Abnormal,1016,50,122,2117
890,tommy,2786,40,681806917HV_251.jpg,Normal,1017,40,1569,2748
894,tommy,3317,39,681806917HV_251.jpg,Normal,1021,41,421,2214
895,tommy,4659,36,681806917HV_251.jpg,Normal,1022,38,2021,862
900,tommy,5240,40,681806917HV_251.jpg,Normal,1027,41,1703,256
902,tommy,3340,33,681806917HV_251.jpg,Abnormal,1029,37,2160,2192
905,tommy,3742,36,681806917HV_251.jpg,Normal,1032,37,2683,1784
907,tommy,4230,42,681806917HV_251.jpg,Normal,1034,41,104,1294
911,tommy,3346,39,681806917HV_251.jpg,Normal,1038,39,125,2188
912,tommy,2805,40,681806917HV_251.jpg,Normal,1039,39,2116,2731
913,tommy,3310,42,681806917HV_251.jpg,Normal,1040,39,1498,2221
922,tommy,5009,44,681806917HV_251.jpg,Normal,1049,47,1069,492
930,tommy,5405,46,681806917HV_251.jpg,Normal,1057,46,654,89
935,tommy,3377,35,681806917HV_251.jpg,Reject,1062,33,1229,2157
936,tommy,4159,38,681806917HV_251.jpg,Normal,1063,38,2656,1365
942,tommy,4466,37,681806917HV_251.jpg,Reject,1069,39,575,1051
943,tommy,3302,39,681806917HV_251.jpg,Normal,1070,41,247,2228
946,tommy,4668,39,681806917HV_251.jpg,Normal,1073,40,1695,855
949,tommy,2948,43,681806917HV_251.jpg,Normal,1076,39,2440,2585
953,tommy,4383,36,681806917HV_251.jpg,Normal,1080,35,1716,1130
954,tommy,3109,39,681806917HV_251.jpg,Normal,1081,39,1711,2415
956,tommy,4807,37,681806917HV_251.jpg,Normal,1083,37,523,709
968,tommy,3346,39,681806917HV_251.jpg,Abnormal,1095,39,125,2188
969,tommy,2746,38,681806917HV_251.jpg,Normal,1096,39,251,2793
978,tommy,3914,37,681806917HV_251.jpg,Normal,1105,36,312,1614
984,tommy,2906,39,681806917HV_251.jpg,Normal,1111,43,2163,2626
985,tommy,4436,38,681806917HV_251.jpg,Normal,1112,39,117,1075
988,tommy,4187,38,681806917HV_251.jpg,Reject,1115,34,544,1335
990,tommy,3482,38,681806917HV_251.jpg,Normal,1117,37,70,2051
991,tommy,5250,37,681806917HV_251.jpg,Normal,1118,40,1218,243
994,tommy,3346,39,681806917HV_251.jpg,Normal,1121,39,125,2188
1000,tommy,5217,40,681806917HV_251.jpg,Normal,1127,37,1861,285
1002,tommy,4225,35,681806917HV_251.jpg,Normal,1129,38,2633,1300
1008,tommy,3002,36,681806917HV_251.jpg,Normal,1135,39,1187,2525
1010,tommy,3823,39,681806917HV_251.jpg,Normal,1137,42,2015,1703
1020,tommy,3644,40,681806917HV_251.jpg,Normal,1147,41,1361,1882
1021,tommy,5409,40,681806917HV_251.jpg,Normal,1148,39,1409,85
1030,tommy,4473,39,681806917HV_251.jpg,Normal,1157,37,1431,1046
1034,tommy,3232,35,681806917HV_251.jpg,Normal,1161,38,1663,2295
1035,tommy,3006,39,681806917HV_251.jpg,Abnormal,1162,39,2511,2518
1036,tommy,2722,38,681806917HV_251.jpg,Normal,1163,40,618,2813
1043,tommy,4519,41,681806917HV_251.jpg,Normal,1170,43,1661,999
1044,tommy,3700,42,681806917HV_251.jpg,Normal,1171,41,612,1829
1046,tommy,2794,40,681806917HV_251.jpg,Normal,1173,37,2224,2739
1048,tommy,3503,41,681806917HV_251.jpg,Normal,1175,42,2246,2026
1049,tommy,3346,39,681806917HV_251.jpg,Abnormal,1176,39,125,2188
1052,tommy,4080,43,681806917HV_251.jpg,Normal,1179,44,1624,1457
1058,tommy,3023,43,681806917HV_251.jpg,Reject,1185,35,4,2501
1060,tommy,2976,40,681806917HV_251.jpg,Abnormal,1187,40,506,2555
1064,tommy,4258,39,681806917HV_251.jpg,Normal,1191,38,1053,1260
1067,tommy,3310,42,681806917HV_251.jpg,Normal,1194,39,1498,2221
1072,tommy,4392,37,681806917HV_251.jpg,Normal,1199,43,2508,1122
1073,tommy,5395,41,681806917HV_251.jpg,Normal,1200,41,2112,96
1075,tommy,3501,38,681806917HV_251.jpg,Normal,1202,36,658,2027
1076,tommy,5236,36,681806917HV_251.jpg,Normal,1203,38,2436,259
1083,tommy,5388,36,681806917HV_251.jpg,Normal,1210,36,2271,103
1089,tommy,5017,40,681806917HV_251.jpg,Normal,1216,45,2465,484
1093,tommy,4446,41,681806917HV_251.jpg,Normal,1220,41,208,1070
1097,tommy,4699,50,681806917HV_251.jpg,Normal,1224,43,1506,823
1098,tommy,2780,41,681806917HV_251.jpg,Normal,1225,40,2809,2756
1099,tommy,4929,37,681806917HV_251.jpg,Normal,1226,41,1347,576
1102,tommy,5081,38,681806917HV_251.jpg,Normal,1229,39,1113,416
1104,tommy,4220,36,681806917HV_251.jpg,Normal,1231,36,2527,1303
1107,tommy,4360,43,681806917HV_251.jpg,Normal,1234,40,546,1155
1110,tommy,5288,36,681806917HV_251.jpg,Normal,1237,37,650,206
1111,tommy,4150,39,681806917HV_251.jpg,Normal,1238,35,1038,1375
1112,tommy,3483,38,681806917HV_251.jpg,Normal,1239,42,2388,2050
1114,tommy,4936,37,681806917HV_251.jpg,Normal,1241,40,2329,569
1117,tommy,4747,40,681806917HV_251.jpg,Normal,1244,41,2162,777
1124,tommy,4074,45,681806917HV_251.jpg,Normal,1251,43,2264,1461
1126,tommy,3478,37,681806917HV_251.jpg,Normal,1253,44,1602,2055
1134,tommy,4597,36,681806917HV_251.jpg,Normal,1261,35,123,922
1135,tommy,3575,41,681806917HV_251.jpg,Normal,1262,38,986,1958
1136,tommy,4765,42,681806917HV_251.jpg,Normal,1263,42,1399,757
1140,tommy,4981,38,681806917HV_251.jpg,Normal,1267,37,2320,522
1144,tommy,3515,40,681806917HV_251.jpg,Normal,1271,42,1532,2016
1146,tommy,5404,46,681806917HV_251.jpg,Normal,1273,45,2652,89
1147,tommy,5268,39,681806917HV_251.jpg,Normal,1274,37,208,228
1151,tommy,4164,41,681806917HV_251.jpg,Normal,1278,39,2574,1360
1153,tommy,3195,44,681806917HV_251.jpg,Normal,1280,42,338,2335
1156,tommy,3987,42,681806917HV_251.jpg,Normal,1283,38,1089,1546
1159,tommy,4554,38,681806917HV_251.jpg,Normal,1286,36,2413,965
1162,tommy,2886,35,681806917HV_251.jpg,Abnormal,1289,45,2393,2641
1164,tommy,4571,49,681806917HV_251.jpg,Normal,1291,41,2774,948
1165,tommy,3149,36,681806917HV_251.jpg,Normal,1292,43,1119,2377
1168,tommy,4418,40,681806917HV_251.jpg,Normal,1295,42,674,1098
1169,tommy,2764,39,681806917HV_251.jpg,Normal,1296,37,2097,2769
1175,tommy,5429,36,681806917HV_251.jpg,Normal,1302,37,620,69
1177,tommy,5426,40,681806917HV_251.jpg,Normal,1304,41,484,73
1178,tommy,3905,41,681806917HV_251.jpg,Normal,1305,41,1185,1624
1182,tommy,5139,41,681806917HV_251.jpg,Normal,1309,35,915,360
1185,tommy,3507,36,681806917HV_251.jpg,Normal,1312,39,2734,2024
1188,tommy,3226,38,681806917HV_251.jpg,Normal,1315,38,840,2303
1190,tommy,5300,40,681806917HV_251.jpg,Normal,1317,40,1991,191
1192,tommy,3508,39,681806917HV_251.jpg,Normal,1319,39,2425,2024
1193,tommy,2923,40,681806917HV_251.jpg,Normal,1320,40,2682,2609
1208,tommy,3434,38,681806917HV_251.jpg,Normal,1335,36,2795,2096
1210,tommy,4342,41,681806917HV_251.jpg,Normal,1337,39,801,1168
1211,tommy,2780,41,681806917HV_251.jpg,Normal,1338,40,2809,2756
1212,tommy,3373,40,681806917HV_251.jpg,Normal,1339,40,469,2165
1214,tommy,5172,40,681806917HV_251.jpg,Normal,1341,43,1589,328
1217,tommy,4793,37,681806917HV_251.jpg,Abnormal,1344,69,2240,720
1220,tommy,5218,40,681806917HV_251.jpg,Normal,1347,41,1489,284
1224,tommy,3030,36,681806917HV_251.jpg,Normal,1351,37,710,2496
1226,tommy,4573,34,681806917HV_251.jpg,Normal,1353,35,2641,947
1227,tommy,3582,42,681806917HV_251.jpg,Normal,1354,44,1200,1947
1229,tommy,2911,41,681806917HV_251.jpg,Normal,1356,41,2107,2620
1231,tommy,3364,48,681806917HV_251.jpg,Abnormal,1358,56,896,2170
1232,tommy,2927,40,681806917HV_251.jpg,Normal,1359,37,1261,2601
1233,tommy,4373,41,681806917HV_251.jpg,Normal,1360,41,684,1146
1234,tommy,5072,38,681806917HV_251.jpg,Normal,1361,39,743,427
1237,tommy,4139,42,681806917HV_251.jpg,Normal,1364,40,427,1390
1238,tommy,5150,40,681806917HV_251.jpg,Normal,1365,41,274,351
1245,tommy,3857,43,681806917HV_251.jpg,Normal,1372,42,846,1668
1246,tommy,4937,55,681806917HV_251.jpg,Abnormal,1373,60,855,569
1250,tommy,4213,41,681806917HV_251.jpg,Normal,1377,39,1042,1311
1254,tommy,2710,46,681806917HV_251.jpg,Reject,1381,41,1588,2824
1255,tommy,3448,39,681806917HV_251.jpg,Normal,1382,37,1640,2084
1256,tommy,4717,40,681806917HV_251.jpg,Normal,1383,38,2462,809
1258,tommy,4479,39,681806917HV_251.jpg,Normal,1385,38,2317,1035
1265,tommy,5053,44,681806917HV_251.jpg,Abnormal,1392,40,177,450
1266,tommy,3354,36,681806917HV_251.jpg,Normal,1393,37,2615,2180
1269,tommy,3334,42,681806917HV_251.jpg,Normal,1396,40,194,2197
1271,tommy,3541,38,681806917HV_251.jpg,Normal,1398,39,2368,1991
1275,tommy,3210,38,681806917HV_251.jpg,Normal,1402,37,2479,2322
1278,tommy,3073,38,681806917HV_251.jpg,Normal,1405,36,1735,2449
1281,tommy,4324,43,681806917HV_251.jpg,Normal,1408,42,183,1187
1282,tommy,3558,40,681806917HV_251.jpg,Normal,1409,40,692,1971
1295,tommy,3612,40,681806917HV_251.jpg,Normal,1422,40,1112,1914
1296,tommy,2779,39,681806917HV_251.jpg,Normal,1423,38,1381,2757
1299,tommy,5158,41,681806917HV_251.jpg,Normal,1426,40,1105,344
1301,tommy,3416,39,681806917HV_251.jpg,Normal,1428,37,41,2118
1303,tommy,4845,41,681806917HV_251.jpg,Normal,1430,42,1976,667
1305,tommy,3748,23,681806917HV_251.jpg,Reject,1432,33,280,1779
1308,tommy,4928,36,681806917HV_251.jpg,Normal,1435,40,216,577
1309,tommy,3846,47,681806917HV_251.jpg,Normal,1436,39,676,1676
1310,tommy,3569,46,681806917HV_251.jpg,Normal,1437,38,2050,1964
1314,tommy,4044,37,681806917HV_251.jpg,Normal,1441,37,2601,1491
1315,tommy,3615,43,681806917HV_251.jpg,Normal,1442,41,1627,1911
1316,tommy,3518,42,681806917HV_251.jpg,Normal,1443,40,1801,2014
1318,tommy,4206,40,681806917HV_251.jpg,Normal,1445,39,2805,1318
1323,tommy,4589,38,681806917HV_251.jpg,Normal,1450,38,283,931
1325,tommy,2998,40,681806917HV_251.jpg,Normal,1452,37,572,2531
1327,tommy,4483,40,681806917HV_251.jpg,Normal,1454,36,1790,1031
1331,tommy,3267,39,681806917HV_251.jpg,Normal,1458,37,1997,2265
1333,tommy,4432,44,681806917HV_251.jpg,Normal,1460,42,27,1078
1336,tommy,4564,58,681806917HV_251.jpg,Abnormal,1463,45,1265,957
1337,tommy,5067,38,681806917HV_251.jpg,Normal,1464,38,2662,437
1345,tommy,3721,38,681806917HV_251.jpg,Normal,1472,38,2056,1810
1346,tommy,4804,39,681806917HV_251.jpg,Normal,1473,39,2711,710
1347,tommy,3897,35,681806917HV_251.jpg,Normal,1474,35,854,1630
1352,tommy,3842,39,681806917HV_251.jpg,Normal,1479,39,2551,1680
1359,tommy,4211,44,681806917HV_251.jpg,Abnormal,1486,43,1153,1316
1360,tommy,3424,36,681806917HV_251.jpg,Normal,1487,39,80,2111
1365,tommy,4733,41,681806917HV_251.jpg,Normal,1492,41,364,792
1366,tommy,4473,39,681806917HV_251.jpg,Normal,1493,37,1431,1046
1368,tommy,3381,38,681806917HV_251.jpg,Normal,1495,40,337,2153
1386,tommy,2901,47,681806917HV_251.jpg,Normal,1513,39,1199,2631
1388,tommy,4252,38,681806917HV_251.jpg,Normal,1515,41,1965,1262
1391,tommy,3760,38,681806917HV_251.jpg,Normal,1518,38,1725,1763
1393,tommy,3816,44,681806917HV_251.jpg,Abnormal,1520,36,224,1708
1396,tommy,3571,36,681806917HV_251.jpg,Normal,1523,36,2341,1961
1397,tommy,4632,37,681806917HV_251.jpg,Normal,1524,38,2409,883
1402,tommy,3541,38,681806917HV_251.jpg,Normal,1529,39,2368,1991
1403,tommy,5411,38,681806917HV_251.jpg,Normal,1530,39,1918,83
1406,tommy,3124,41,681806917HV_251.jpg,Normal,1533,42,2235,2399
1409,tommy,4446,41,681806917HV_251.jpg,Abnormal,1536,41,208,1070
1412,tommy,3860,59,681806917HV_251.jpg,Abnormal,1539,58,2404,1666
1417,tommy,3884,39,681806917HV_251.jpg,Normal,1544,42,2561,1639
1418,tommy,4288,45,681806917HV_251.jpg,Normal,1545,40,2782,1227
1425,tommy,3321,35,681806917HV_251.jpg,Normal,1552,38,53,2210
1430,tommy,3829,38,681806917HV_251.jpg,Normal,1557,37,130,1700
1431,tommy,3727,36,681806917HV_251.jpg,Normal,1558,38,845,1801
1434,tommy,4903,42,681806917HV_251.jpg,Normal,1561,40,2106,603
1435,tommy,3160,53,681806917HV_251.jpg,Abnormal,1562,59,2738,2367
1437,tommy,5348,41,681806917HV_251.jpg,Normal,1564,37,2647,145
1438,tommy,3146,39,681806917HV_251.jpg,Normal,1565,42,1346,2383
1442,tommy,5439,42,681806917HV_251.jpg,Normal,1569,39,1043,58
1443,tommy,4376,40,681806917HV_251.jpg,Normal,1570,40,14,1144
1446,tommy,4780,43,681806917HV_251.jpg,Normal,1573,46,594,738
1448,tommy,3452,38,681806917HV_251.jpg,Normal,1575,38,1031,2079
1454,tommy,5050,37,681806917HV_251.jpg,Normal,1581,38,2204,450
1455,tommy,4573,34,681806917HV_251.jpg,Normal,1582,35,2641,947
1457,tommy,5264,44,681806917HV_251.jpg,Normal,1584,42,1144,230
1459,tommy,4265,36,681806917HV_251.jpg,Normal,1586,35,91,1253
1466,tommy,5110,49,681806917HV_251.jpg,Abnormal,1593,37,971,393
1470,tommy,3521,40,681806917HV_251.jpg,Normal,1597,42,1442,2013
1471,tommy,4131,41,681806917HV_251.jpg,Normal,1598,38,949,1402
1472,tommy,2926,42,681806917HV_251.jpg,Normal,1599,39,624,2603
1477,tommy,4366,33,681806917HV_251.jpg,Abnormal,1604,35,1795,1150
1481,tommy,5017,40,681806917HV_251.jpg,Normal,1608,45,2465,484
1484,tommy,2805,40,681806917HV_251.jpg,Normal,1611,39,2116,2731
1489,tommy,4032,41,681806917HV_251.jpg,Normal,1616,40,2811,1499
1490,tommy,3986,40,681806917HV_251.jpg,Normal,1617,39,1760,1546
1494,tommy,5193,40,681806917HV_251.jpg,Normal,1621,41,2159,306
1495,tommy,3765,37,681806917HV_251.jpg,Normal,1622,35,2307,1759
1502,tommy,2981,40,681806917HV_251.jpg,Normal,1629,38,2830,2553
1503,tommy,4055,38,681806917HV_251.jpg,Normal,1630,38,1947,1484
1505,tommy,5204,46,681806917HV_251.jpg,Normal,1632,44,2601,294
1506,tommy,3045,39,681806917HV_251.jpg,Normal,1633,41,1134,2474
1510,tommy,3764,43,681806917HV_251.jpg,Normal,1637,35,2461,1760
1511,tommy,4052,39,681806917HV_251.jpg,Normal,1638,38,469,1488
1514,tommy,3838,40,681806917HV_251.jpg,Normal,1641,40,347,1685
1516,tommy,4260,41,681806917HV_251.jpg,Normal,1643,40,2099,1258
1520,tommy,5398,43,681806917HV_251.jpg,Reject,1647,40,264,93
1521,tommy,4966,44,681806917HV_251.jpg,Normal,1648,41,1053,536
1528,tommy,3535,39,681806917HV_251.jpg,Normal,1655,45,2680,2000
1529,tommy,4378,36,681806917HV_251.jpg,Normal,1656,39,899,1142
1531,tommy,5393,45,681806917HV_251.jpg,Normal,1658,44,722,99
1532,tommy,4910,38,681806917HV_251.jpg,Normal,1659,38,1388,592
1538,tommy,4852,40,681806917HV_251.jpg,Normal,1665,36,1437,660
1539,tommy,4497,38,681806917HV_251.jpg,Reject,1666,39,1051,1019
1540,tommy,2901,47,681806917HV_251.jpg,Normal,1667,39,1199,2631
1542,tommy,4859,44,681806917HV_251.jpg,Abnormal,1669,63,2539,652
1545,tommy,5390,37,681806917HV_251.jpg,Normal,1672,37,596,103
1548,eben,4718,41,681806917HV_251.jpg,Normal,1675,39,610,809
3,tommy,7662,37,681900122HV_001.jpg,Normal,130,39,1052,132
5,tommy,7278,33,681900122HV_001.jpg,Normal,132,35,1447,647
6,tommy,7662,37,681900122HV_001.jpg,Normal,133,39,1052,132
15,tommy,7696,42,681900122HV_001.jpg,Normal,142,38,1178,89
22,tommy,6764,40,681900122HV_001.jpg,Abnormal,149,38,1006,1281
30,tommy,7215,39,681900122HV_001.jpg,Normal,157,45,713,737
31,tommy,7375,38,681900122HV_001.jpg,Normal,158,38,133,524
32,tommy,6044,37,681900122HV_001.jpg,Normal,159,38,1069,2167
36,tommy,7221,36,681900122HV_001.jpg,Normal,163,37,1490,728
39,tommy,7662,37,681900122HV_001.jpg,Normal,166,39,1052,132
45,tommy,7277,38,681900122HV_001.jpg,Normal,172,39,2731,647
51,tommy,6373,39,681900122HV_001.jpg,Normal,178,37,2635,1763
52,tommy,5799,40,681900122HV_001.jpg,Normal,179,37,1622,2470
53,tommy,7277,38,681900122HV_001.jpg,Normal,180,39,2731,647
55,tommy,7058,41,681900122HV_001.jpg,Normal,182,37,990,917
59,tommy,5787,42,681900122HV_001.jpg,Normal,186,41,1582,2488
60,tommy,7103,43,681900122HV_001.jpg,Normal,187,40,2415,865
61,tommy,6994,38,681900122HV_001.jpg,Normal,188,35,1580,999
65,tommy,6715,38,681900122HV_001.jpg,Normal,192,36,2041,1337
71,tommy,6928,44,681900122HV_001.jpg,Abnormal,198,49,2600,1083
73,tommy,7277,38,681900122HV_001.jpg,Normal,200,39,2731,647
76,tommy,7444,40,681900122HV_001.jpg,Normal,203,41,2663,428
77,tommy,6715,38,681900122HV_001.jpg,Normal,204,36,2041,1337
78,tommy,6841,42,681900122HV_001.jpg,Normal,205,39,851,1189
81,tommy,6334,36,681900122HV_001.jpg,Normal,208,38,1129,1810
83,tommy,7226,35,681900122HV_001.jpg,Normal,210,40,2199,720
95,tommy,7662,37,681900122HV_001.jpg,Normal,222,39,1052,132
98,tommy,5908,45,681900122HV_001.jpg,Normal,225,38,2425,2339
103,tommy,7662,37,681900122HV_001.jpg,Normal,230,39,1052,132
105,tommy,7058,41,681900122HV_001.jpg,Normal,232,37,990,917
110,tommy,6454,39,681900122HV_001.jpg,Normal,237,42,2459,1668
119,tommy,7593,44,681900122HV_001.jpg,Normal,246,40,2042,224
123,tommy,6715,38,681900122HV_001.jpg,Normal,250,36,2041,1337
124,tommy,7226,35,681900122HV_001.jpg,Normal,251,40,2199,720
134,tommy,5800,41,681900122HV_001.jpg,Normal,261,41,266,2469
153,tommy,6691,40,681900122HV_001.jpg,Normal,280,39,1228,1373
158,tommy,7187,38,681900122HV_001.jpg,Normal,285,41,1976,768
162,tommy,5818,39,681900122HV_001.jpg,Normal,289,40,1558,2451
163,tommy,6096,34,681900122HV_001.jpg,Normal,290,32,1088,2107
166,tommy,7359,42,681900122HV_001.jpg,Normal,293,39,1980,549
168,tommy,7014,38,681900122HV_001.jpg,Normal,295,37,2327,970
173,tommy,6551,36,681900122HV_001.jpg,Normal,300,42,1891,1552
177,tommy,6053,42,681900122HV_001.jpg,Normal,304,43,360,2155
178,tommy,5961,39,681900122HV_001.jpg,Normal,305,40,608,2277
180,tommy,5902,34,681900122HV_001.jpg,Normal,307,38,2756,2344
181,tommy,6085,32,681900122HV_001.jpg,Normal,308,43,2574,2118
183,tommy,6440,37,681900122HV_001.jpg,Reject,310,38,280,1681
184,tommy,7536,38,681900122HV_001.jpg,Normal,311,38,590,310
186,tommy,6448,39,681900122HV_001.jpg,Normal,313,40,62,1673
189,tommy,7025,42,681900122HV_001.jpg,Normal,316,40,2649,959
191,tommy,5674,38,681900122HV_001.jpg,Normal,318,39,2233,2628
192,tommy,6096,34,681900122HV_001.jpg,Normal,319,32,1088,2107
200,tommy,5619,36,681900122HV_001.jpg,Normal,327,40,824,2691
202,tommy,7184,36,681900122HV_001.jpg,Normal,329,46,520,772
205,tommy,7359,42,681900122HV_001.jpg,Normal,332,39,1980,549
211,tommy,6157,41,681900122HV_001.jpg,Normal,338,37,1956,2028
213,tommy,7598,44,681900122HV_001.jpg,Normal,340,40,2685,220
214,tommy,6231,37,681900122HV_001.jpg,Normal,341,37,530,1934
217,tommy,7415,44,681900122HV_001.jpg,Normal,344,37,913,464
218,tommy,7039,22,681900122HV_001.jpg,Reject,345,22,2627,944
222,tommy,6139,39,681900122HV_001.jpg,Normal,349,38,431,2049
226,tommy,6576,37,681900122HV_001.jpg,Normal,353,38,352,1525
228,tommy,7662,37,681900122HV_001.jpg,Normal,355,39,1052,132
234,tommy,6656,41,681900122HV_001.jpg,Normal,361,39,1691,1412
237,tommy,7359,42,681900122HV_001.jpg,Normal,364,39,1980,549
238,tommy,7194,43,681900122HV_001.jpg,Normal,365,39,348,762
240,tommy,7511,40,681900122HV_001.jpg,Abnormal,367,39,959,341
241,tommy,6482,35,681900122HV_001.jpg,Normal,368,41,1955,1634
242,tommy,7707,37,681900122HV_001.jpg,Normal,369,36,237,78
244,tommy,5796,39,681900122HV_001.jpg,Normal,371,36,513,2474
248,tommy,6335,38,681900122HV_001.jpg,Normal,375,41,2817,1809
249,tommy,5777,35,681900122HV_001.jpg,Normal,376,36,1541,2498
251,tommy,7083,39,681900122HV_001.jpg,Normal,378,38,69,887
254,tommy,7256,38,681900122HV_001.jpg,Normal,381,41,2746,684
255,tommy,6648,38,681900122HV_001.jpg,Normal,382,36,1967,1419
258,tommy,6018,42,681900122HV_001.jpg,Abnormal,385,38,860,2204
261,tommy,7707,37,681900122HV_001.jpg,Normal,388,36,237,78
267,tommy,6744,38,681900122HV_001.jpg,Normal,394,38,1586,1300
270,tommy,7181,40,681900122HV_001.jpg,Normal,397,37,2442,774
274,tommy,5853,36,681900122HV_001.jpg,Normal,401,41,292,2407
282,tommy,6365,38,681900122HV_001.jpg,Normal,409,38,104,1769
285,tommy,7362,42,681900122HV_001.jpg,Normal,412,37,2520,544
289,tommy,6910,36,681900122HV_001.jpg,Normal,416,40,757,1106
290,tommy,7198,38,681900122HV_001.jpg,Normal,417,35,1645,756
291,tommy,5674,38,681900122HV_001.jpg,Normal,418,39,2233,2628
297,tommy,7058,41,681900122HV_001.jpg,Abnormal,424,37,990,917
298,tommy,7664,38,681900122HV_001.jpg,Normal,425,40,7,130
302,tommy,7245,41,681900122HV_001.jpg,Normal,429,38,1154,702
303,tommy,6335,38,681900122HV_001.jpg,Normal,430,41,2817,1809
306,tommy,6670,45,681900122HV_001.jpg,Normal,433,42,177,1400
307,tommy,6969,41,681900122HV_001.jpg,Normal,434,40,1070,1032
313,tommy,7629,44,681900122HV_001.jpg,Normal,440,41,2686,171
317,tommy,7519,38,681900122HV_001.jpg,Normal,444,39,1433,330
318,tommy,7763,37,681900122HV_001.jpg,Normal,445,36,2070,5
330,tommy,7200,39,681900122HV_001.jpg,Normal,457,37,864,755
332,tommy,6473,39,681900122HV_001.jpg,Normal,459,40,133,1642
337,tommy,6688,36,681900122HV_001.jpg,Normal,464,40,892,1376
342,tommy,7127,35,681900122HV_001.jpg,Normal,469,38,1679,842
343,tommy,6786,38,681900122HV_001.jpg,Normal,470,44,500,1258
346,tommy,7226,35,681900122HV_001.jpg,Normal,473,40,2199,720
352,tommy,6513,38,681900122HV_001.jpg,Normal,479,41,1478,1595
353,tommy,6724,39,681900122HV_001.jpg,Normal,480,32,1269,1320
354,tommy,7129,36,681900122HV_001.jpg,Normal,481,36,2065,840
362,tommy,6098,37,681900122HV_001.jpg,Normal,489,39,324,2106
364,tommy,7584,40,681900122HV_001.jpg,Normal,491,38,1284,232
366,tommy,7278,33,681900122HV_001.jpg,Normal,493,35,1447,647
367,tommy,7226,35,681900122HV_001.jpg,Normal,494,40,2199,720
369,tommy,6935,43,681900122HV_001.jpg,Normal,496,38,2668,1074
370,tommy,7014,38,681900122HV_001.jpg,Normal,497,37,2327,970
372,tommy,6188,42,681900122HV_001.jpg,Normal,499,41,2320,1992
384,tommy,6675,37,681900122HV_001.jpg,Normal,511,40,2364,1389
386,tommy,6822,41,681900122HV_001.jpg,Abnormal,513,37,169,1217
387,tommy,6297,38,681900122HV_001.jpg,Normal,514,38,1219,1859
395,tommy,7170,36,681900122HV_001.jpg,Normal,522,39,2644,789
401,tommy,6435,42,681900122HV_001.jpg,Normal,528,39,643,1690
405,tommy,7480,41,681900122HV_001.jpg,Normal,532,35,2601,381
406,tommy,7603,48,681900122HV_001.jpg,Normal,533,37,1574,213
421,tommy,7512,41,681900122HV_001.jpg,Normal,548,46,2420,340
426,tommy,6469,37,681900122HV_001.jpg,Normal,553,37,1332,1648
429,tommy,5722,33,681900122HV_001.jpg,Normal,556,42,2763,2568
430,tommy,6098,37,681900122HV_001.jpg,Normal,557,39,324,2106
433,tommy,7616,42,681900122HV_001.jpg,Normal,560,38,2455,194
435,tommy,6139,39,681900122HV_001.jpg,Normal,562,38,431,2049
438,tommy,5734,32,681900122HV_001.jpg,Normal,565,34,2532,2557
439,tommy,6311,37,681900122HV_001.jpg,Normal,566,38,126,1842
449,tommy,6335,38,681900122HV_001.jpg,Normal,576,41,2817,1809
451,tommy,7184,36,681900122HV_001.jpg,Reject,578,46,520,772
453,tommy,7147,36,681900122HV_001.jpg,Normal,580,37,1485,815
455,tommy,6822,41,681900122HV_001.jpg,Abnormal,582,37,169,1217
457,tommy,7313,40,681900122HV_001.jpg,Normal,584,38,2599,602
459,tommy,7275,36,681900122HV_001.jpg,Normal,586,39,715,653
462,tommy,6966,39,681900122HV_001.jpg,Normal,589,36,2069,1033
471,tommy,5709,37,681900122HV_001.jpg,Normal,598,39,2072,2586
472,tommy,5849,41,681900122HV_001.jpg,Normal,599,40,2112,2409
476,tommy,5961,39,681900122HV_001.jpg,Normal,603,40,608,2277
479,tommy,6785,68,681900122HV_001.jpg,Reject,606,50,2627,1258
480,tommy,5731,37,681900122HV_001.jpg,Normal,607,37,175,2561
487,tommy,6987,40,681900122HV_001.jpg,Normal,614,40,2545,1004
492,tommy,5728,40,681900122HV_001.jpg,Normal,619,38,2109,2563
500,tommy,6412,39,681900122HV_001.jpg,Normal,627,39,1214,1717
502,tommy,6204,40,681900122HV_001.jpg,Normal,629,37,1371,1968
503,tommy,6378,40,681900122HV_001.jpg,Normal,630,40,1845,1759
514,tommy,5545,40,681900122HV_001.jpg,Normal,641,42,751,2789
520,tommy,7376,35,681900122HV_001.jpg,Normal,647,40,1527,518
522,tommy,6118,34,681900122HV_001.jpg,Normal,649,45,2660,2081
525,tommy,7324,39,681900122HV_001.jpg,Normal,652,38,1240,592
531,tommy,5597,41,681900122HV_001.jpg,Normal,658,40,1248,2722
536,tommy,6394,38,681900122HV_001.jpg,Normal,663,37,1377,1741
537,tommy,5507,54,681900122HV_001.jpg,Abnormal,664,58,1851,2828
540,tommy,6039,37,681900122HV_001.jpg,Normal,667,40,733,2175
551,tommy,6583,37,681900122HV_001.jpg,Normal,678,41,939,1514
554,tommy,7136,36,681900122HV_001.jpg,Normal,681,36,660,830
555,tommy,7239,33,681900122HV_001.jpg,Normal,682,36,976,709
557,tommy,6271,37,681900122HV_001.jpg,Normal,684,40,1556,1886
559,tommy,7147,36,681900122HV_001.jpg,Normal,686,37,1485,815
561,tommy,7429,46,681900122HV_001.jpg,Abnormal,688,65,715,446
562,tommy,7254,44,681900122HV_001.jpg,Normal,689,42,2250,687
565,tommy,7200,39,681900122HV_001.jpg,Normal,692,37,864,755
567,tommy,5998,42,681900122HV_001.jpg,Normal,694,40,2015,2226
569,tommy,6936,39,681900122HV_001.jpg,Normal,696,40,2821,1073
570,tommy,6576,37,681900122HV_001.jpg,Normal,697,38,352,1525
576,tommy,6181,41,681900122HV_001.jpg,Normal,703,37,317,2000
582,tommy,6969,41,681900122HV_001.jpg,Normal,709,40,1070,1032
585,tommy,7387,35,681900122HV_001.jpg,Normal,712,42,176,507
592,tommy,7334,38,681900122HV_001.jpg,Normal,719,40,1413,573
596,tommy,6883,42,681900122HV_001.jpg,Normal,723,39,2701,1140
598,tommy,7648,43,681900122HV_001.jpg,Normal,725,45,2440,147
602,tommy,5999,44,681900122HV_001.jpg,Normal,729,37,1676,2224
606,tommy,6591,39,681900122HV_001.jpg,Normal,733,41,2690,1506
607,tommy,6069,39,681900122HV_001.jpg,Normal,734,37,719,2137
609,tommy,7158,36,681900122HV_001.jpg,Normal,736,35,30,805
611,tommy,7013,42,681900122HV_001.jpg,Normal,738,42,1209,973
613,tommy,7739,41,681900122HV_001.jpg,Normal,740,37,2165,35
614,tommy,5911,38,681900122HV_001.jpg,Normal,741,40,643,2333
616,tommy,7693,41,681900122HV_001.jpg,Normal,743,37,2235,98
617,tommy,7720,36,681900122HV_001.jpg,Normal,744,33,2214,65
618,tommy,6058,41,681900122HV_001.jpg,Normal,745,41,2506,2151
619,tommy,7200,39,681900122HV_001.jpg,Normal,746,37,864,755
626,tommy,6551,36,681900122HV_001.jpg,Normal,753,42,1891,1552
630,tommy,7270,38,681900122HV_001.jpg,Normal,757,39,2632,662
632,tommy,6375,35,681900122HV_001.jpg,Normal,759,43,505,1761
633,tommy,7552,41,681900122HV_001.jpg,Normal,760,40,2410,289
635,tommy,6281,38,681900122HV_001.jpg,Normal,762,39,288,1878
642,tommy,7187,38,681900122HV_001.jpg,Normal,769,41,1976,768
644,tommy,7241,40,681900122HV_001.jpg,Normal,771,40,71,708
646,tommy,7221,36,681900122HV_001.jpg,Normal,773,37,1490,728
648,tommy,7445,39,681900122HV_001.jpg,Normal,775,42,1904,428
649,tommy,6411,38,681900122HV_001.jpg,Normal,776,40,1833,1719
656,tommy,7287,37,681900122HV_001.jpg,Normal,783,41,385,637
659,tommy,5633,40,681900122HV_001.jpg,Normal,786,40,107,2680
665,tommy,7417,39,681900122HV_001.jpg,Normal,792,37,2492,462
666,tommy,5611,39,681900122HV_001.jpg,Normal,793,39,2132,2701
675,tommy,5880,38,681900122HV_001.jpg,Normal,802,37,2360,2374
679,tommy,7633,42,681900122HV_001.jpg,Reject,806,44,84,170
681,tommy,7350,46,681900122HV_001.jpg,Normal,808,44,2471,558
689,tommy,6297,38,681900122HV_001.jpg,Normal,816,38,1219,1859
691,tommy,7353,37,681900122HV_001.jpg,Normal,818,37,2248,556
693,tommy,5695,46,681900122HV_001.jpg,Normal,820,36,1047,2601
701,tommy,6485,35,681900122HV_001.jpg,Normal,828,44,485,1628
707,tommy,5992,38,681900122HV_001.jpg,Normal,834,47,733,2232
708,tommy,7437,37,681900122HV_001.jpg,Normal,835,44,1965,436
713,tommy,6473,39,681900122HV_001.jpg,Normal,840,40,133,1642
721,tommy,7147,36,681900122HV_001.jpg,Normal,848,37,1485,815
722,tommy,6771,42,681900122HV_001.jpg,Normal,849,37,780,1274
723,tommy,7459,43,681900122HV_001.jpg,Normal,850,41,216,407
729,tommy,7581,40,681900122HV_001.jpg,Normal,856,42,1201,238
730,tommy,5550,38,681900122HV_001.jpg,Normal,857,35,2094,2783
733,tommy,7639,38,681900122HV_001.jpg,Normal,860,43,2799,160
736,tommy,5971,40,681900122HV_001.jpg,Abnormal,863,42,186,2259
737,tommy,6415,40,681900122HV_001.jpg,Normal,864,40,252,1713
744,tommy,6086,36,681900122HV_001.jpg,Normal,871,38,2319,2118
752,tommy,7224,40,681900122HV_001.jpg,Normal,879,38,2807,720
753,tommy,7664,38,681900122HV_001.jpg,Reject,880,40,7,130
755,tommy,6827,43,681900122HV_001.jpg,Normal,882,38,1422,1211
756,tommy,6715,38,681900122HV_001.jpg,Normal,883,36,2041,1337
761,tommy,7588,34,681900122HV_001.jpg,Normal,888,36,1462,227
765,tommy,6718,40,681900122HV_001.jpg,Normal,892,41,276,1327
766,tommy,6469,37,681900122HV_001.jpg,Normal,893,37,1332,1648
769,tommy,7523,38,681900122HV_001.jpg,Normal,896,36,2385,323
772,tommy,7480,41,681900122HV_001.jpg,Normal,899,35,2601,381
778,tommy,6946,43,681900122HV_001.jpg,Normal,905,40,1963,1060
780,tommy,7009,39,681900122HV_001.jpg,Normal,907,40,859,978
784,tommy,5531,40,681900122HV_001.jpg,Normal,911,40,2316,2805
786,tommy,6065,35,681900122HV_001.jpg,Normal,913,38,1410,2141
787,tommy,7293,40,681900122HV_001.jpg,Normal,914,37,2124,632
788,tommy,7676,39,681900122HV_001.jpg,Normal,915,39,2596,118
790,tommy,6442,40,681900122HV_001.jpg,Normal,917,39,784,1679
792,tommy,7571,39,681900122HV_001.jpg,Normal,919,39,2123,258
793,tommy,7362,42,681900122HV_001.jpg,Normal,920,37,2520,544
794,tommy,5719,38,681900122HV_001.jpg,Normal,921,42,1073,2573
797,tommy,6396,41,681900122HV_001.jpg,Normal,924,44,1980,1738
799,tommy,7426,37,681900122HV_001.jpg,Normal,926,39,2705,447
802,tommy,7190,39,681900122HV_001.jpg,Normal,929,39,2580,765
805,tommy,5789,39,681900122HV_001.jpg,Normal,932,39,668,2485
807,tommy,7581,40,681900122HV_001.jpg,Normal,934,42,1201,238
811,tommy,6828,43,681900122HV_001.jpg,Normal,938,44,500,1211
816,tommy,7712,40,681900122HV_001.jpg,Normal,943,38,864,71
823,tommy,6281,38,681900122HV_001.jpg,Normal,950,39,288,1878
829,tommy,5633,40,681900122HV_001.jpg,Normal,956,40,107,2680
833,tommy,5515,38,681900122HV_001.jpg,Normal,960,40,2000,2823
845,tommy,6914,37,681900122HV_001.jpg,Normal,972,37,1027,1102
846,tommy,7511,40,681900122HV_001.jpg,Abnormal,973,39,959,341
847,tommy,7262,41,681900122HV_001.jpg,Normal,974,41,2419,676
848,tommy,7685,41,681900122HV_001.jpg,Normal,975,42,1705,109
849,tommy,7068,40,681900122HV_001.jpg,Normal,976,41,1262,905
850,tommy,6217,36,681900122HV_001.jpg,Normal,977,43,297,1955
853,tommy,6699,40,681900122HV_001.jpg,Normal,980,41,1568,1364
854,tommy,6139,39,681900122HV_001.jpg,Normal,981,38,431,2049
859,tommy,6034,37,681900122HV_001.jpg,Normal,986,36,2649,2183
861,tommy,6980,37,681900122HV_001.jpg,Normal,988,45,1219,1018
868,tommy,7220,34,681900122HV_001.jpg,Abnormal,995,36,2578,728
876,tommy,6693,38,681900122HV_001.jpg,Normal,1003,32,360,1371
877,tommy,7394,38,681900122HV_001.jpg,Normal,1004,35,2505,500
881,tommy,6505,43,681900122HV_001.jpg,Normal,1008,41,91,1609
887,tommy,6364,37,681900122HV_001.jpg,Normal,1014,43,1137,1769
892,tommy,5902,34,681900122HV_001.jpg,Normal,1019,38,2756,2344
897,tommy,6563,41,681900122HV_001.jpg,Normal,1024,44,1015,1540
898,tommy,7539,36,681900122HV_001.jpg,Normal,1025,40,222,305
899,tommy,6460,42,681900122HV_001.jpg,Normal,1026,41,532,1658
903,tommy,5892,38,681900122HV_001.jpg,Normal,1030,41,1746,2358
906,tommy,7353,37,681900122HV_001.jpg,Normal,1033,37,2248,556
908,tommy,7324,39,681900122HV_001.jpg,Normal,1035,38,1240,592
909,tommy,7437,37,681900122HV_001.jpg,Normal,1036,44,1965,436
915,tommy,5795,39,681900122HV_001.jpg,Reject,1042,42,1948,2474
918,tommy,7217,39,681900122HV_001.jpg,Normal,1045,36,40,734
919,tommy,6627,37,681900122HV_001.jpg,Normal,1046,38,1126,1454
920,tommy,7073,49,681900122HV_001.jpg,Reject,1047,44,1028,900
923,tommy,7442,42,681900122HV_001.jpg,Normal,1050,41,31,430
924,tommy,6197,36,681900122HV_001.jpg,Normal,1051,38,1411,1975
928,tommy,7226,35,681900122HV_001.jpg,Normal,1055,40,2199,720
932,tommy,7412,37,681900122HV_001.jpg,Normal,1059,37,1262,466
937,tommy,5832,35,681900122HV_001.jpg,Normal,1064,46,591,2430
938,tommy,6096,34,681900122HV_001.jpg,Normal,1065,32,1088,2107
941,tommy,6080,35,681900122HV_001.jpg,Normal,1068,41,2699,2123
948,tommy,6218,38,681900122HV_001.jpg,Normal,1075,46,775,1951
951,tommy,7123,38,681900122HV_001.jpg,Normal,1078,46,2455,848
952,tommy,7174,39,681900122HV_001.jpg,Normal,1079,36,172,784
955,tommy,6279,40,681900122HV_001.jpg,Normal,1082,38,701,1879
958,tommy,6365,38,681900122HV_001.jpg,Normal,1085,38,104,1769
960,tommy,5843,37,681900122HV_001.jpg,Normal,1087,39,2424,2418
962,tommy,7531,36,681900122HV_001.jpg,Normal,1089,38,1811,312
963,tommy,7418,41,681900122HV_001.jpg,Normal,1090,39,2056,462
964,tommy,7151,34,681900122HV_001.jpg,Abnormal,1091,34,1195,811
966,tommy,5783,38,681900122HV_001.jpg,Normal,1093,36,230,2493
971,tommy,6297,38,681900122HV_001.jpg,Normal,1098,38,1219,1859
972,tommy,5625,39,681900122HV_001.jpg,Normal,1099,38,67,2688
973,tommy,7583,36,681900122HV_001.jpg,Normal,1100,38,2487,232
979,tommy,7026,37,681900122HV_001.jpg,Normal,1106,39,331,957
980,tommy,6449,34,681900122HV_001.jpg,Normal,1107,42,1966,1672
987,tommy,6487,40,681900122HV_001.jpg,Abnormal,1114,40,384,1626
992,tommy,6056,36,681900122HV_001.jpg,Normal,1119,39,2759,2153
997,tommy,6043,38,681900122HV_001.jpg,Normal,1124,40,2053,2168
999,tommy,6746,40,681900122HV_001.jpg,Normal,1126,41,2255,1298
1003,tommy,5752,38,681900122HV_001.jpg,Normal,1130,40,2165,2531
1006,tommy,7380,35,681900122HV_001.jpg,Abnormal,1133,38,226,515
1011,tommy,5796,39,681900122HV_001.jpg,Normal,1138,36,513,2474
1012,tommy,6845,40,681900122HV_001.jpg,Normal,1139,40,372,1182
1013,tommy,6933,37,681900122HV_001.jpg,Normal,1140,38,152,1078
1015,tommy,7223,42,681900122HV_001.jpg,Normal,1142,36,1859,726
1023,tommy,7417,39,681900122HV_001.jpg,Normal,1150,37,2492,462
1024,tommy,6157,41,681900122HV_001.jpg,Normal,1151,37,1956,2028
1025,tommy,7527,39,681900122HV_001.jpg,Normal,1152,38,2690,318
1026,tommy,7459,43,681900122HV_001.jpg,Normal,1153,41,216,407
1027,tommy,6717,37,681900122HV_001.jpg,Normal,1154,38,322,1333
1028,tommy,6838,39,681900122HV_001.jpg,Normal,1155,38,1125,1195
1031,tommy,6058,41,681900122HV_001.jpg,Normal,1158,41,2506,2151
1032,tommy,6776,34,681900122HV_001.jpg,Normal,1159,35,2387,1270
1037,tommy,5726,41,681900122HV_001.jpg,Normal,1164,35,1774,2564
1040,tommy,7472,39,681900122HV_001.jpg,Normal,1167,39,1569,390
1045,tommy,7370,36,681900122HV_001.jpg,Normal,1172,36,1347,527
1047,tommy,6542,38,681900122HV_001.jpg,Normal,1174,39,1211,1566
1050,tommy,7283,38,681900122HV_001.jpg,Normal,1177,39,190,642
1051,tommy,6989,37,681900122HV_001.jpg,Normal,1178,34,951,1004
1053,tommy,5791,36,681900122HV_001.jpg,Normal,1180,34,710,2484
1055,tommy,6109,43,681900122HV_001.jpg,Normal,1182,33,859,2095
1056,tommy,6983,45,681900122HV_001.jpg,Normal,1183,31,154,1011
1057,tommy,6785,68,681900122HV_001.jpg,Abnormal,1184,50,2627,1258
1059,tommy,5913,41,681900122HV_001.jpg,Abnormal,1186,35,2090,2329
1062,tommy,6650,58,681900122HV_001.jpg,Abnormal,1189,57,245,1417
1065,tommy,7542,39,681900122HV_001.jpg,Abnormal,1192,39,447,300
1066,tommy,5687,40,681900122HV_001.jpg,Reject,1193,39,2316,2610
1068,tommy,7733,41,681900122HV_001.jpg,Normal,1195,39,1856,46
1074,tommy,6754,35,681900122HV_001.jpg,Normal,1201,41,636,1287
1078,tommy,5983,38,681900122HV_001.jpg,Normal,1205,38,275,2246
1080,tommy,7677,39,681900122HV_001.jpg,Normal,1207,41,2548,116
1081,tommy,6552,36,681900122HV_001.jpg,Normal,1208,38,672,1551
1085,tommy,6044,37,681900122HV_001.jpg,Normal,1212,38,1069,2167
1088,tommy,5883,36,681900122HV_001.jpg,Normal,1215,42,2271,2369
1091,tommy,7437,37,681900122HV_001.jpg,Normal,1218,44,1965,436
1100,tommy,6938,34,681900122HV_001.jpg,Normal,1227,37,2709,1070
1101,tommy,6822,41,681900122HV_001.jpg,Abnormal,1228,37,169,1217
1106,tommy,7662,37,681900122HV_001.jpg,Normal,1233,39,1052,132
1116,tommy,7443,37,681900122HV_001.jpg,Normal,1243,39,1586,429
1119,tommy,5937,39,681900122HV_001.jpg,Normal,1246,34,562,2298
1120,tommy,6810,42,681900122HV_001.jpg,Normal,1247,38,2244,1228
1125,tommy,6995,42,681900122HV_001.jpg,Normal,1252,42,1371,997
1128,tommy,7277,38,681900122HV_001.jpg,Normal,1255,39,2731,647
1130,tommy,7086,39,681900122HV_001.jpg,Normal,1257,42,1711,881
1132,tommy,5993,36,681900122HV_001.jpg,Normal,1259,37,1448,2230
1139,tommy,6232,40,681900122HV_001.jpg,Normal,1266,41,718,1933
1141,tommy,6230,37,681900122HV_001.jpg,Normal,1268,36,2724,1934
1145,tommy,7371,36,681900122HV_001.jpg,Normal,1272,38,691,527
1148,tommy,7175,42,681900122HV_001.jpg,Normal,1275,42,1227,778
1150,tommy,6906,43,681900122HV_001.jpg,Normal,1277,38,1794,1111
1154,tommy,6746,40,681900122HV_001.jpg,Normal,1281,41,2255,1298
1157,tommy,6749,39,681900122HV_001.jpg,Normal,1284,43,2134,1296
1158,tommy,5670,41,681900122HV_001.jpg,Normal,1285,35,2141,2636
1163,tommy,7118,42,681900122HV_001.jpg,Normal,1290,39,1496,853
1166,tommy,6635,38,681900122HV_001.jpg,Normal,1293,43,2201,1441
1167,tommy,6003,35,681900122HV_001.jpg,Normal,1294,36,143,2220
1170,tommy,6202,39,681900122HV_001.jpg,Normal,1297,40,2808,1969
1171,tommy,7224,40,681900122HV_001.jpg,Normal,1298,38,2807,720
1172,tommy,6609,39,681900122HV_001.jpg,Normal,1299,39,2721,1477
1173,tommy,5847,39,681900122HV_001.jpg,Normal,1300,39,190,2411
1176,tommy,6747,40,681900122HV_001.jpg,Normal,1303,37,1706,1297
1180,tommy,6897,36,681900122HV_001.jpg,Abnormal,1307,39,155,1120
1181,tommy,5796,39,681900122HV_001.jpg,Normal,1308,36,513,2474
1184,tommy,7368,38,681900122HV_001.jpg,Normal,1311,39,336,529
1191,tommy,7205,40,681900122HV_001.jpg,Normal,1318,40,1769,752
1196,tommy,5613,43,681900122HV_001.jpg,Normal,1323,40,1110,2697
1197,tommy,6837,41,681900122HV_001.jpg,Normal,1324,37,9,1197
1200,tommy,5696,39,681900122HV_001.jpg,Normal,1327,41,138,2597
1202,tommy,5743,39,681900122HV_001.jpg,Normal,1329,40,2020,2545
1204,tommy,6764,40,681900122HV_001.jpg,Normal,1331,38,1006,1281
1209,tommy,7735,45,681900122HV_001.jpg,Normal,1336,33,1347,42
1213,tommy,6679,41,681900122HV_001.jpg,Normal,1340,39,2033,1380
1215,tommy,7055,39,681900122HV_001.jpg,Normal,1342,38,2562,921
1221,tommy,7482,43,681900122HV_001.jpg,Normal,1348,42,937,380
1222,tommy,6664,41,681900122HV_001.jpg,Normal,1349,35,2103,1403
1225,tommy,7025,42,681900122HV_001.jpg,Normal,1352,40,2649,959
1228,tommy,5964,37,681900122HV_001.jpg,Normal,1355,38,2733,2270
1230,tommy,7482,43,681900122HV_001.jpg,Normal,1357,42,937,380
1235,tommy,6932,38,681900122HV_001.jpg,Normal,1362,33,448,1080
1236,tommy,7512,41,681900122HV_001.jpg,Normal,1363,46,2420,340
1239,tommy,5756,41,681900122HV_001.jpg,Normal,1366,38,1042,2527
1240,tommy,6311,37,681900122HV_001.jpg,Normal,1367,38,126,1842
1243,tommy,7032,39,681900122HV_001.jpg,Normal,1370,40,1280,953
1244,tommy,6512,40,681900122HV_001.jpg,Normal,1371,39,2407,1595
1249,tommy,6433,38,681900122HV_001.jpg,Normal,1376,41,2252,1693
1252,tommy,7231,38,681900122HV_001.jpg,Normal,1379,39,1327,717
1253,tommy,7604,43,681900122HV_001.jpg,Normal,1380,38,636,212
1259,tommy,6725,44,681900122HV_001.jpg,Normal,1386,40,2077,1317
1261,tommy,6525,40,681900122HV_001.jpg,Normal,1388,38,1269,1585
1268,tommy,7502,42,681900122HV_001.jpg,Normal,1395,39,1390,350
1270,tommy,5764,40,681900122HV_001.jpg,Normal,1397,39,379,2513
1273,tommy,6335,38,681900122HV_001.jpg,Normal,1400,41,2817,1809
1276,tommy,7265,41,681900122HV_001.jpg,Normal,1403,49,2124,673
1277,tommy,6803,41,681900122HV_001.jpg,Normal,1404,42,2483,1235
1283,tommy,7314,36,681900122HV_001.jpg,Normal,1410,40,1002,602
1288,tommy,7302,45,681900122HV_001.jpg,Normal,1415,31,2772,610
1290,tommy,7377,35,681900122HV_001.jpg,Normal,1417,38,1963,517
1300,tommy,7740,36,681900122HV_001.jpg,Abnormal,1427,41,2688,34
1306,tommy,6753,37,681900122HV_001.jpg,Normal,1433,34,2540,1287
1307,tommy,6931,37,681900122HV_001.jpg,Normal,1434,43,1908,1080
1312,tommy,5938,36,681900122HV_001.jpg,Normal,1439,37,1585,2297
1317,tommy,7720,36,681900122HV_001.jpg,Normal,1444,33,2214,65
1319,tommy,5587,46,681900122HV_001.jpg,Normal,1446,44,134,2742
1326,tommy,7044,37,681900122HV_001.jpg,Normal,1453,42,1458,937
1332,tommy,6318,44,681900122HV_001.jpg,Normal,1459,38,889,1831
1334,tommy,5571,40,681900122HV_001.jpg,Normal,1461,37,5,2753
1335,tommy,7465,40,681900122HV_001.jpg,Normal,1462,43,803,399
1339,tommy,5948,35,681900122HV_001.jpg,Normal,1466,40,1160,2288
1344,tommy,5647,33,681900122HV_001.jpg,Normal,1471,36,1653,2656
1348,tommy,5997,38,681900122HV_001.jpg,Normal,1475,42,2612,2226
1349,tommy,7328,36,681900122HV_001.jpg,Normal,1476,39,1840,589
1355,tommy,5784,42,681900122HV_001.jpg,Normal,1482,37,1758,2490
1356,tommy,6304,40,681900122HV_001.jpg,Normal,1483,32,2284,1850
1363,tommy,7318,38,681900122HV_001.jpg,Normal,1490,41,777,597
1372,tommy,6592,42,681900122HV_001.jpg,Normal,1499,39,196,1506
1375,tommy,6837,41,681900122HV_001.jpg,Normal,1502,37,9,1197
1379,tommy,7430,40,681900122HV_001.jpg,Normal,1506,35,2142,441
1382,tommy,6733,41,681900122HV_001.jpg,Normal,1509,39,1800,1311
1384,tommy,7234,39,681900122HV_001.jpg,Normal,1511,41,1435,714
1385,tommy,7051,40,681900122HV_001.jpg,Normal,1512,43,1371,926
1387,tommy,7422,40,681900122HV_001.jpg,Normal,1514,41,143,457
1389,tommy,7416,41,681900122HV_001.jpg,Normal,1516,39,1063,463
1392,tommy,6854,39,681900122HV_001.jpg,Normal,1519,36,158,1172
1398,tommy,7718,41,681900122HV_001.jpg,Normal,1525,43,138,66
1399,tommy,5650,40,681900122HV_001.jpg,Normal,1526,41,2481,2651
1400,tommy,6397,38,681900122HV_001.jpg,Normal,1527,40,2065,1737
1404,tommy,6425,37,681900122HV_001.jpg,Normal,1531,34,1179,1703
1408,tommy,6126,42,681900122HV_001.jpg,Normal,1535,42,1951,2071
1410,tommy,6268,43,681900122HV_001.jpg,Normal,1537,39,2482,1890
1415,tommy,6161,41,681900122HV_001.jpg,Normal,1542,37,2617,2021
1416,tommy,5636,37,681900122HV_001.jpg,Normal,1543,39,1978,2674
1419,tommy,7031,45,681900122HV_001.jpg,Normal,1546,40,2757,953
1420,tommy,5577,38,681900122HV_001.jpg,Normal,1547,41,1528,2748
1423,tommy,6499,39,681900122HV_001.jpg,Normal,1550,39,265,1613
1426,tommy,7183,43,681900122HV_001.jpg,Normal,1553,45,1699,773
1428,tommy,6507,41,681900122HV_001.jpg,Normal,1555,33,2351,1605
1432,tommy,6304,40,681900122HV_001.jpg,Normal,1559,32,2284,1850
1433,tommy,6628,37,681900122HV_001.jpg,Normal,1560,40,670,1454
1436,tommy,6235,40,681900122HV_001.jpg,Normal,1563,39,128,1932
1440,tommy,5893,39,681900122HV_001.jpg,Normal,1567,41,1408,2356
1445,tommy,7492,36,681900122HV_001.jpg,Normal,1572,36,1674,367
1449,tommy,7481,43,681900122HV_001.jpg,Normal,1576,40,892,381
1450,tommy,6634,33,681900122HV_001.jpg,Normal,1577,40,1723,1444
1456,tommy,6778,39,681900122HV_001.jpg,Normal,1583,36,2800,1268
1460,tommy,6776,34,681900122HV_001.jpg,Normal,1587,35,2387,1270
1462,tommy,6332,37,681900122HV_001.jpg,Normal,1589,35,2254,1813
1464,tommy,7266,36,681900122HV_001.jpg,Reject,1591,44,1749,670
1474,tommy,7296,38,681900122HV_001.jpg,Abnormal,1601,39,746,624
1475,tommy,6575,32,681900122HV_001.jpg,Normal,1602,36,1733,1526
1480,tommy,7349,35,681900122HV_001.jpg,Normal,1607,43,1089,559
1483,tommy,6762,37,681900122HV_001.jpg,Abnormal,1610,37,196,1282
1486,tommy,7294,35,681900122HV_001.jpg,Abnormal,1613,37,344,631
1488,tommy,6429,39,681900122HV_001.jpg,Abnormal,1615,40,2050,1699
1491,tommy,7435,40,681900122HV_001.jpg,Normal,1618,41,2595,439
1493,tommy,6628,37,681900122HV_001.jpg,Normal,1620,40,670,1454
1496,tommy,6012,41,681900122HV_001.jpg,Normal,1623,39,1605,2212
1497,tommy,7251,43,681900122HV_001.jpg,Normal,1624,42,1524,696
1499,tommy,6403,39,681900122HV_001.jpg,Normal,1626,37,402,1731
1507,tommy,5637,45,681900122HV_001.jpg,Normal,1634,45,1050,2672
1512,tommy,5622,38,681900122HV_001.jpg,Normal,1639,45,2290,2690
1515,tommy,6854,39,681900122HV_001.jpg,Normal,1642,36,158,1172
1518,tommy,6164,41,681900122HV_001.jpg,Normal,1645,39,85,2017
1522,tommy,6167,37,681900122HV_001.jpg,Normal,1649,39,844,2015
1523,tommy,6342,35,681900122HV_001.jpg,Normal,1650,35,132,1803
1524,tommy,7285,36,681900122HV_001.jpg,Normal,1651,46,65,639
1525,tommy,6452,37,681900122HV_001.jpg,Normal,1652,39,2786,1671
1530,tommy,5686,37,681900122HV_001.jpg,Normal,1657,42,767,2612
1533,tommy,5588,39,681900122HV_001.jpg,Normal,1660,40,2700,2740
1534,tommy,7581,40,681900122HV_001.jpg,Normal,1661,42,1201,238
1535,tommy,6937,36,681900122HV_001.jpg,Normal,1662,39,534,1071
1543,tommy,7099,37,681900122HV_001.jpg,Normal,1670,41,1415,869
1544,tommy,6658,39,681900122HV_001.jpg,Normal,1671,36,1651,1409
1547,eben,7324,39,681900122HV_001.jpg,Normal,1674,38,1240,592
